id,species,blockdate,formula,totalsubstrate,totalharvest,harvestcount,spawn,spawncode,comment,water,spawngen,contam,hole,bagtype,fridgeout,line,Age,BE,harvest1,harvest1date,harvest2,harvest2date,harvest3,harvest3date,harvest4,harvest4date,harvest5,harvest5date,harvest6,harvest6date,harvest7,harvest7date,harvest8,harvest8date,harvest9,harvest9date,harvest10,harvest10date,harvest11,harvest11date,harvest12,harvest12date
A1,PPgiota,28/5/22,Ppx5.5,1450,511,3,,,3 bag,,,,,,,,326,0.35,229,19/10/22,186,27/10/22,96,12/12/22
A2,HEg,30/6/22,Kx6,1580,1049,12,NNG,,,,,,,,,,294,0.66,305,29/10/22,46,13/11/22,122,25/11/22,67,9/12/22,81,23/12/22,68,9/1/23,68,28/1/23,138,21/2/23,55,13/3/23,44,2/4/23,28,21/4/23,27,8/5/23
A3,HEg,21/10/22,Ppx5.5,1450,859,8,1/8,XXXA,,,,,,,,,179,0.59,285,30/11/22,184,13/12/22,78,26/12/22,58,28/1/23,103,8/3/23,52,25/3/23,51,18/4/23,48,11/5/23
A4,HEg,21/10/22,Ppx5.5,1450,1046,10,1/8,XXXA,,,,,,,,,179,0.72,357,30/11/22,111,12/12/22,102,24/12/22,50,7/1/23,99,22/1/23,77,6/2/23,68,3/3/23,48,18/3/23,49,4/4/23,85,25/4/23
A5,HEg,21/10/22,Ppx5.5,1450,1023,9,1/8,XXXA,,,,,,,,,179,0.71,289,30/11/22,193,13/12/22,131,15/1/23,96,1/2/23,116,2/3/23,46,20/3/23,64,6/4/23,53,28/4/23,35,16/5/23
A6,HEg,21/10/22,Ppx5.5,1450,864,9,1/8,XXXA,,,,,,,,,179,0.6,323,30/11/22,101,13/12/22,108,26/12/22,63,28/1/23,100,25/2/23,45,15/3/23,48,4/4/23,44,25/4/23,32,13/5/23
A7,HEg,21/10/22,Kx6,1580,592,6,1/8,XXXA,,,,,,,,,179,0.37,63,2/1/23,64,17/12/22,266,22/11/22,88,4/12/22,51,15/1/23,60,13/5/23
A9,HEg,21/10/22,Ppx5.5,1450,1017,10,,,,,,,,,,,179,0.7,373,3/12/22,112,17/12/22,63,2/1/23,104,18/1/23,54,1/2/23,120,2/3/23,46,20/3/23,52,6/4/23,37,25/4/23,56,15/5/23
A8,HUlc,8/11/22,Ppx7,1850,2567,7,1/10,,,,,,,unicorn,,,162,1.39,862,1/12/22,689,18/12/22,380,19/1/23,231,25/2/23,182,16/3/23,91,10/4/23,132,25/4/23
A10,HUlc,7/11/22,Ppx5.5,1450,1642,6,1/8,XXCC,,,,,,,,,163,1.13,330,19/12/22,633,18/1/23,264,25/2/23,277,20/3/23,94,12/4/23,44,5/5/23
A11,HUlc,21/10/22,Ppx5.5,1450,1050,3,1/8,,,,,suspect,,,,,179,0.72,709,4/1/23,99,27/1/23,242,28/2/23
A12,HUlc,21/11/22,SDx6,1580,1219,4,1/8,XXCA,,3050,,,,,,,149,0.77,375,9/3/23,600,21/12/22,149,15/4/23,95,9/5/23
A13,HUlc,21/11/22,aPpx5.5,1450,1569,5,1/8,XXCA,,3050,,,,,,,149,1.08,502,21/12/22,382,15/1/23,253,11/2/23,232,9/3/23,200,2/4/23
A14,POm,18/11/22,Ppx5.5,1450,809,4,,Xdba,,,notNG,,,,,,152,0.56,140,11/1/23,369,28/1/23,198,25/2/23,102,31/3/23
A15,POm,15/11/22,Ppx5.5,1450,1098,4,1/8,Xdba,,,notNG,,,,,,155,0.76,354,18/12/22,340,7/1/23,147,28/1/23,257,1/3/23
A16,PEtun,29/10/22,Ppx5.5,1450,366,3,1/8,XXA,,,,mold,,,,,171,0.25,60,5/2/23,176,21/3/23,130,16/4/23
A17,PEtun,7/11/22,Ppx5.5,1450,,,1/8,XXXF,,,,mold,,,,,163
A18,PEtun,7/11/22,Ppx5.5,1450,575,4,1/8,XXXF,,,,,1 line,,,,163,0.4,90,11/1/23,123,23/2/23,242,21/3/23,120,21/4/23
A19,HEg,15/11/22,Ppx5.5,1450,751,8,1/8,XXXH,,,notNG,,,,,,155,0.52,200,23/12/22,172,7/1/23,56,25/1/23,127,2/3/23,85,6/4/23,58,18/4/23,21,3/5/23,32,16/5/23
A20,PEtun,25/11/22,Ppx5.5,1450,653,3,1/9,xeab,,,notNG,,,,,,145,0.45,280,31/12/22,297,25/1/23,76,30/4/23
A21,PEtun,25/11/22,Ppx5.5,1450,984,4,1/9,xeab,,,notNG,,,,,,145,0.68,345,2/1/23,215,29/1/23,343,4/4/23,81,30/4/23
A22,PEtun,25/11/22,Ppx5.5,1450,866,2,1/9,xeab,,,notNG,,,,,,145,0.6,271,2/1/23,595,15/3/23
A23,PEtun,29/10/22,Ppx5.5,1450,303,1,1/8,XXA,,,notNG,,,,,,171,0.21,303,20/3/23
A24,PTc,15/11/22,aPpx5.5,1450,636,2,1/9,,,,notNG,,,,,,155,0.44,420,18/3/23,216,12/4/23
A25,PTc,13/11/22,Ppx5.5,1450,,,1/9,xbab,,,notNG,,,,,,157
A26,PPgiota,29/10/22,Kx6,1580,1484,8,1/9,XXC,,,,,,,,,171,0.94,626,19/12/22,190,3/1/23,186,19/1/23,103,4/2/23,56,28/2/23,108,15/3/23,110,3/4/23,105,21/4/23
A27,HUlc,7/11/22,Ppx5.5,1450,1245,5,1/8,XXCC,,,,,,,,,163,0.86,183,23/12/22,386,8/1/23,521,5/2/23,92,3/4/23,63,25/4/23
A28,HUlc,21/11/22,aPpx5.5,1450,1464,5,1/8,XXCA,,,,,,,,,149,1.01,361,25/12/22,309,13/1/23,360,6/2/23,219,2/4/23,215,24/4/23
A29,HUlc,29/10/22,Ppx5.5,1450,1639,5,1/8,XXXE,,,,,,,,,171,1.13,461,23/12/22,488,18/1/23,339,21/2/23,260,15/3/23,91,8/4/23
A30,POm,15/11/22,Ppx5.5,1450,972,3,1/8,xdba,,,,,,,,,155,0.67,534,11/1/23,244,6/2/23,194,27/3/23
A31,POm,15/11/22,Ppx5.5,1450,1344,4,1/8,xdba,,,,,,,,,155,0.93,560,19/12/22,294,11/1/23,275,4/2/23,215,14/3/23
A32,PEtun,29/10/22,Ppx5.5,1450,705,3,1/8,XXA,,,,,,,,,171,0.49,45,20/1/23,523,17/3/23,137,25/4/23
A33,HUlc,2/12/22,Ppx6,1580,1819,3,1/6,,,,,,,unicorn,,,502,1.15,1018,31/12/22,537,27/1/23,264,7/3/23
A35,HEg,15/11/22,aPpx5.5,1450,427,5,1/8,XXXH,,,,,,,,,155,0.29,211,7/1/23,73,22/1/23,56,11/2/23,64,27/3/23,23,22/4/23
A36,PAb,21/11/22,Ppx5.5,1450,1591,4,1/8,xebb,,,,,,,,,149,1.1,631,25/1/23,458,11/3/23,434,4/4/23,68,1/5/23
A37,PEtun,25/11/22,Ppx5.5,1450,824,1,1/8,xeab,,,,,,,,,145,0.57,824,25/2/23
A38,PEtun,25/11/22,Ppx5.5,1450,1066,2,1/8,xeab,,,,,,,,,145,0.74,236,20/1/23,830,25/3/23
A39,PEtun,18/11/22,Ppx5.5,1450,417,1,,xcaa,,,,,,,,,152,0.29,417,15/1/23
A40,PEtun,28/11/22,Ppx5.5,1450,1393,3,,,,,,,,,,,142,0.96,205,14/1/23,1089,15/3/23,99,13/5/23
A41,HEg,2/12/22,Ppx5.5,1450,952,7,1/8,xfaa,,,,,1,,,,502,0.66,404,13/1/23,184,28/1/23,125,8/3/23,69,21/3/23,42,6/4/23,92,22/4/23,36,9/5/23
A42,PNb,18/11/22,Ppx5.5,1450,,,,xxaA,test,,,,,,,,152
A43,HEg,2/12/22,Ppx5.5,1450,1029,9,1/8,xfaa,,,,,,,,,502,0.71,267,13/1/23,239,25/1/23,52,15/2/23,98,3/3/23,98,18/3/23,87,3/4/23,62,17/4/23,54,3/5/23,72,20/5/23
A44,HEg,2/12/22,Ppx5.5,1450,1132,8,1/8,xfaa,,,,,,,,,502,0.78,401,9/1/23,201,21/1/23,49,11/2/23,135,3/3/23,45,18/3/23,108,6/4/23,181,22/4/23,12,8/5/23
A45,HEg,6/12/22,Ppx5.5,1450,878,7,,xfab,,,,,,,,,498,0.61,423,13/1/23,152,28/1/23,43,15/2/23,25,27/3/23,78,12/4/23,88,26/4/23,69,15/5/23
A46,HEg,6/12/22,Ppx5.5,1450,883,8,,xfab,,,,,1,,,,498,0.61,202,14/1/23,251,28/1/23,14,15/2/23,147,3/3/23,113,17/3/23,64,3/4/23,58,17/4/23,34,5/5/23
A47,HEg,6/12/22,,,1063,8,,,,,,,1,,,,498,,346,11/1/23,268,25/1/23,41,11/2/23,136,3/3/23,66,18/3/23,95,4/4/23,59,18/4/23,52,7/5/23
A48,,6/12/22,SDx6,1580,,,,xxaA,,,,,,,,,498
A49,PEtun,28/11/22,Ppx5.5,1450,812,1,,,,,,,,,,,142,0.56,812,17/3/23
A50,PEtun,28/11/22,Ppx5.5,1450,993,2,,,,,,,,,,,142,0.68,593,9/1/23,400,22/2/23
A51,PEtun,18/11/22,Ppx5.5,1450,1213,3,,Xcaa,,,,,,,,,152,0.84,426,11/1,255,2/2/22,532,3/5/23
A52,GLg,10/4/23,SFtx6+,,1274,4,1/8,#M-KCB,,,,,,,,,10,,574,11/1/23,299,21/2/23,286,15/3/23,115,11/4/23
A53,HEg,16/11/22,SDx6,1580,1270,7,1/8,xfaa,,,,,,,,,154,0.8,329,7/1/23,167,22/1/23,25,23/2/23,173,3/3/23,79,18/3/23,86,2/4/23,411,11/4/23
A54,PEtun,10/12/22,Ppx5.5,1450,761,2,1/10,Xcbc,,,,,,,,,494,0.52,631,25/1/23,130,28/4/23
A55,PEtun,10/12/22,,,1036,3,1/10,xcbc,,,,,,,,,494,,509,18/1/23,233,21/2/23,294,6/4/23
A56,PEtun,10/12/22,aPpx5.5,1450,41,1,1/10,xcbc,,,,,,,,,494,0.03,41,13/3/23
A57,PEtun,18/11/22,Ppx5.5,1450,1286,4,1/8,xcaa,,,,,,,,,152,0.89,691,15/1/23,189,20/2/23,323,12/4/23,83,10/5/23
A58,PEtun,18/11/22,Ppx5.5,1450,986,3,,xcaa,,,,,,,,,152,0.68,685,18/1/23,175,19/2/23,126,15/3/23
A59,PTc,2/12/22,Ppx5.5,1450,1130,4,1/8,xaam,,,,,,,,,502,0.78,251,29/1/23,450,17/3/23,243,27/3/23,186,21/4/23
A60,Bpearl,3/11/22,Ppx5.5,1450,1379,4,1/7,xxxf,Toohot,,,,,,,,167,0.95,710,16/1/23,189,2/2/23,272,25/2/23,208,2/4/23
A61,POm,6/12/22,Ppx5.5,1450,1502,4,1/8,,,,G2,,,,,,498,1.04,699,12/1/23,307,8/2/23,273,9/3/23,223,1/4/23
A62,POm,6/12/22,Ppx5.5,1450,1482,5,1/8,,,,G2,,,,,,498,1.02,764,14/1/23,248,11/2/23,224,28/2/23,76,25/3/23,170,10/4/23
A63,HUlc,18/11/22,Ppx5.5,1450,1427,4,1/8,xxbB,,,,,,,,,152,0.98,620,25/1/23,432,28/2/23,208,22/3/23,167,14/4/23
A64,HU22,28/11/22,Ppx5.5,1450,1961,4,1/8,xhag,,,,,,,,,142,1.35,1037,14/1/23,423,21/2/23,305,18/3/23,196,8/4/23
A65,HU22,10/12/22,Ppx7,1850,2330,4,1/7,xhag,,,,,,unicorn,,,494,1.26,1427,14/1/23,438,15/2/23,342,10/3/23,123,2/4/23
A66,HEg,2/12/22,SDx6,1580,1166,7,1/8,xfaa,,,,,,,,,502,0.74,225,14/1/23,189,28/1/23,66,8/2/23,270,25/2/23,168,11/3/23,142,27/3/23,106,16/4/23
A67,HEg,2/12/22,aPpx7,1850,243,3,1/8,xfaa,,,,,,,,,502,0.13,94,15/1/23,48,1/2/23,101,2/3/23
A68,PTc,2/12/22,Ppx5.5,1450,610,3,1/8,xaam,,,,,,,,,502,0.42,132,6/2/23,133,1/4/23,345,22/4/23
A69,PTc,2/12/22,Ppx5.5,1450,878,3,1/8,xaam,,,,,,,,,502,0.61,294,27/1/23,458,25/3/23,126,21/4/23
A70,PEtun,2/12/22,Ppx5.5,1450,1177,4,1/8,xcaa,,,,,,,,,502,0.81,452,15/1/23,283,15/2/23,307,21/3/23,135,12/4/23
A71,PEtun,10/12/22,aPpx5.5,1450,543,1,1/10,xcbc,,,,,,,,,494,0.37,543,25/3/23
A72,PEtun,10/12/22,aPpx5.5,1450,387,1,1/10,xcbc,hole,,,,,,,,494,0.27,387,1/4/23
A73,HU22,10/12/22,aPpx5.5,1450,1526,5,1/7,xhaG,test,,,,,,,,494,1.05,808,19/1/23,340,1/2/23,187,2/3/23,143,24/3/23,48,16/4/23
A74,HU22,10/12/22,aPpx5.5,1450,1743,5,1/7,xhaG,test,,,,,,,,494,1.2,917,18/1/23,299,2/2/23,262,25/2/23,183,18/3/23,82,10/4/23
A75,HUlc,18/11/22,Ppx5.5,1450,1507,5,1/8,xxaB,test,,,,,,,,152,1.04,376,18/1/23,540,20/2/23,183,11/3/23,255,3/4/23,153,26/4/23
A76,PAb,21/11/22,Ppx5.5,1450,1540,4,1/8,xebb,,,,,,,,,149,1.06,775,4/2/23,477,15/3/23,234,14/4/23,54,10/5/23
A77,PAb,21/11/22,Ppx5.5,1450,1794,4,1/8,xebb,,,,,,,,,149,1.24,816,4/2/23,624,17/3/23,98,17/4/23,256,3/5/23
A78,PAb,21/11/22,Ppx5.5,1450,1658,4,1/8,xebb,,,,,,,,,149,1.14,808,5/2/23,607,18/3/23,217,17/4/23,26,15/5/23
A79,PAb,21/11/22,Ppx5.5,1450,1476,4,1/8,xebb,,,,,,,,,149,1.02,670,5/2/23,455,15/3/23,233,10/4/23,118,10/5/23
A80,PAb,21/11/22,Ppx5.5,1450,1720,4,1/8,xebb,,,,,,,,,149,1.19,814,1/2/23,521,12/3/23,194,10/4/23,191,2/5/23
A82,POm,18/12/22,aPpx5.5,1450,1372,5,1/8,xdac,,,,,,,,,486,0.95,627,14/1/23,190,30/1/23,111,22/2/23,240,10/3/23,204,8/4/23
A84,HEg,16/12/22,Ppx5.5,1450,833,8,1/8,xfb,,,,,,,,,488,0.57,144,10/1/23,275,25/1/23,49,21/2/23,101,8/3/23,73,20/3/23,86,6/4/23,56,21/4/23,49,5/5/23
A81,PEtun,18/11/22,Ppx5.5,1450,1183,4,1/8,xcaa,,,,,,,,,152,0.82,511,18/1/23,184,9/2/23,430,8/4/23,58,30/4/23
A83,POm,6/12/22,Ppx5.5,1450,1122,4,1/8,,,,G2,,,,,,498,0.77,537,14/1/23,237,11/2/23,225,12/3/23,123,28/3/23
A34,,,,,658,2,,,,,,,,,,,,,420,7/1/23,238,25/3/23
A90,POm,6/12/22,Ppx5.5,1450,1375,4,jar,,,,G2,,,,,,498,0.95,669,18/1/23,319,12/2/23,255,13/3/23,132,10/4/23
A89,HEg,6/12/22,Ppx5.5,1450,1023,8,1/8,xfab,,,,,,,,,498,0.71,420,25/1/23,70,15/2/23,168,3/3/23,75,15/3/23,76,28/3/23,68,12/4/23,86,25/4/23,60,7/5/23
A87,POm,10/12/22,aPpx5.5,1450,1373,5,1/8,xdac,,,,,,,,,494,0.95,710,18/1/23,134,2/2/23,255,25/2/23,166,21/3/23,108,16/4/23
A88,Bpearl,3/11/22,Ppx5.5,1450,1419,3,1/7,XXXF,hot,,,,,,,,167,0.98,900,20/1/23,267,9/2/23,252,10/3/23
A85,PPgiota,29/10/22,Ppx5.5,1450,952,8,1/9,XXB,,,,,,,,,171,0.66,463,14/1/23,103,28/1/23,65,15/2/23,89,3/3/23,112,16/3/23,42,1/4/23,36,12/4/23,42,25/4/23
A86,POm,10/12/22,aPpx5.5,1450,1414,5,1/8,xdac,,,,,,,,,494,0.98,735,18/1/23,196,6/2/23,118,27/2/23,251,18/3/23,114,16/4/23
A163,PSg,10/1/23,Ppx5.5,1450,262,1,1/8,2,,,,,,,,,98,0.18,262,15/5/23
A164,PSg,10/1/23,Ppx5.5,1450,,,1/8,2,,,,,,,,,98
A165,PSg,10/1/23,Ppx5.5,1450,,,1/8,2,,,,,,,,,98
A166,PSg,10/1/23,Ppx5.5,1450,,,1/8,2,,,,,,,,,98
A167,PSg,10/1/23,Ppx5.5,1450,,,1/8,2,,,,,,,,,98
A168,PSg,10/1/23,Ppx5.5,1450,456,1,1/8,2,,,,,,,,,98,0.31,456,14/5/23
A169,PSg,10/1/23,Ppx5.5,1450,747,3,1/8,2,,,,,,,,,98,0.52,314,19/4/23,286,5/5/23,147,16/5/23
A170,PSg,10/1/23,Ppx5.5,1450,305,1,1/8,2,,,,,,,,,98,0.21,305,18/5/23
A171,PTc,10/1/23,Ppx5.5,1450,210,1,1/8,xbba,,,,,,,,,98,0.14,210,6/4/23
A172,PTc,10/1/23,Ppx5.5,1450,,,,xbba,,,,,,,,,98
A174,PTc,10/1/23,Ppx5.5,1450,515,1,1/8,xbba,,,,,,,,,98,0.36,515,13/3/23
A175,PTc,10/1/23,Ppx5.5,1450,715,2,1/8,xbba,,,,,,,,,98,0.49,250,15/3/23,465,14/4/23
A176,PTc,10/1/23,Ppx5.5,1450,367,1,1/8,xbba,,,,,,,,,98,0.25,367,25/3/23
A177,PTc,10/1/23,Ppx5.5,1450,365,1,1/8,xbba,,,,,,,,,98,0.25,365,15/3/23
A178,PTc,10/1/23,Ppx5.5,1450,,,1/8,xbba,,,,,,,,,98
A179,LEm,10/1/23,bSDx6,1580,,,1/8,xadC,,,,,,,,,98
A180,LEm,10/1/23,bSDx6,1580,452,1,1/8,xadC,,,,,,,,,98,0.29,452,5/5/23
A181,LEm,10/1/23,bSDx6,1580,660,1,1/8,xadC,,,,,,,,,98,0.42,660,28/4/23
A182,LEm,10/1/23,bSDx6,1580,520,1,1/8,xadC,,,,,,,,,98,0.33,520,21/4/23
A183,LEm,10/1/23,bSDx6,1580,129,1,1/8,xadC,,,,,,,,,98,0.08,129,30/4/23
A184,LEm,10/1/23,bSDx6,1580,152,1,1/8,xadC,,,,,,,,,98,0.1,152,18/5/23
A185,LEm,10/1/23,bSDx6,1580,440,1,1/812/1/23,xadC,,,,,,,,,98,0.28,440,30/4/23
A91,HEg,6/12/22,Ppx5.5,1450,897,8,1/8,Xfab,,,,,,,,,498,0.62,295,25/1/23,96,11/2/23,171,2/3/23,70,18/3/23,74,2/4/23,40,15/4/23,55,28/4/23,96,12/5/23
A93,HEg,6/12/22,Ppx5.5,1450,837,7,1/8,Xfab,,,,,1,,,,498,0.58,252,22/1/23,149,5/2/23,150,25/2/23,72,22/3/23,85,6/4/23,61,21/4/23,68,3/5/23
A94,POm,10/12/22,aPpx5.5,1450,1688,5,1/8,Xdac,,,,,,,,,494,1.16,855,25/1/23,272,19/2/23,180,5/3/23,166,27/3/23,215,22/4/23
A95,POm,10/12/22,aPpx5.5,1450,1507,5,1/8,Xdac,,,,,,,,,494,1.04,568,21/1/23,263,11/2/23,177,28/2/23,262,22/3/23,237,21/4/23
A96,POm,16/12/22,Ppx5.5,1450,2138,4,1/8,Xdad,,,,,,,,,488,1.47,1213,22/1/23,377,19/2/23,314,11/3/23,234,2/4/23
A97,HUlc,20/11/22,Ppx5.5,1450,1031,4,1/8,XXCb,,,,,,,,,150,0.71,535,5/3/23,246,28/3/23,196,18/4/23,54,7/5/23
A98,Bpearl,3/11/22,Ppx5.5,1450,1428,4,1/8,26/10,,,,,,,,,167,0.98,932,27/1/23,192,18/2/23,207,5/3/23,97,3/4/23
A99,PEtun,18/11/22,Ppx5.5,1450,982,3,1/8,27/5,,,,,,,,,152,0.68,678,22/1/23,189,25/2/23,115,22/3/23
A100,PEtun,10/12/22,aPpx5.5,1450,616,3,1/10,xcbc,,,,,,,,,494,0.42,425,28/1/23,144,4/4/23,47,26/4/23
A101,PTc,2/12/22,Ppx5.5,1450,770,3,1/8,xaam,,,,,,,,,502,0.53,249,1/2/23,226,15/3/23,295,11/4/23
A102,HUlc,28/11/22,Ppx5.5,1450,1570,5,1/8,XXcb,,,,,line,,,,142,1.08,279,25/1/23,586,5/3/23,356,2/4/23,206,22/4/23,143,11/5/23
A103,HU22,10/12/22,aPpx5.5,1450,847,5,1/7,xhaG,,,,,line,,,,494,0.58,301,10/2/23,170,2/3/23,192,25/3/23,77,16/4/23,107,5/5/23
A92,POm,5/1/23,Ppx5.5,1450,1368,4,1/10,xdaa,,,,,1,,,,103,0.94,756,22/2/23,301,15/3/23,207,10/4/23,104,12/5/23
A104,PEtun,10/12/22,Ppx5.5,1450,610,1,1/10,Xcbc,,,,,,,,,494,0.42,610,25/1/23
A186,LEm,13/1/23,bSFtx6,1580,463,1,1/8,xadA,,,,,,,,,95,0.29,463,15/4/23
A187,LEm,13/1/23,bSFtx6,1580,227,1,1/8,xadA,,,,,,,,,95,0.14,227,17/4/23
A188,LEm,13/1/23,bSFtx6,1580,,,1/8,xadA,,,,,,,,,95
A189,LEm,13/1/23,bSFtx6,1580,383,1,1/8,xadA,,,,,,,,,95,0.24,383,18/4/23
A190,LEm,13/1/23,bSFtx6,1580,368,1,1/8,xadA,,,,,,,,,95,0.23,368,28/4/23
A191,LEm,13/1/23,bSFtx6,1580,548,2,1/8,xadA,,,,,,,,,95,0.35,534,14/4/23,14,10/5/23
A192,LEm,13/1/23,bSFtx6,1580,562,1,1/8,xadA,,,,,,,,,95,0.36,562,12/4/23
A193,LEm,13/1/23,bSFtx6,1580,269,1,1/8,xadA,exploded,,,,,,,,95,0.17,269,12/5/23
A194,LEm,13/1/23,bSFtx6,1580,268,2,1/8,xadB,,,,,,,,,95,0.17,180,28/4/23,88,12/5/23
A195,LEm,13/1/23,bSFtx6,1580,496,1,1/8,xadB,,,,,,,,,95,0.31,496,18/4/23
A196,LEm,13/1/23,bSFtx6,1580,,,1/8,xadB,,,,,,,,,95
A197,LEm,13/1/23,bSFtx6,1580,177,2,1/8,xadB,,,,,,,,,95,0.11,146,28/4/23,31,9/5/23
A198,LEm,13/1/23,bSFTx6,1580,137,1,1/8,xadB,,,,,,,,,95,0.09,137,22/4/23
A199,LEm,13/1/23,bSFTx6,1580,60,1,1/8,xadB,,,,,,,,,95,0.04,60,15/5/23
A200,LEm,13/1/23,bSFTx6,1580,185,1,1/8,xadB,,,,,,,,,95,0.12,185,5/5/23
A201,LEm,13/1/23,bSFTx6,1580,490,1,1/8,xadB,,,,,,,,,95,0.31,490,12/5/23
A202,HUlc,13/1/23,Ppx5.5,1450,1189,3,1/8,DAB,,,,,,,,,95,0.82,394,5/3/23,471,21/3/23,324,2/5/23
A203,HUlc,13/1/23,bPpx5.5,1450,1514,5,1/8,DAB,,,,,,,,,95,1.04,341,5/3/23,267,18/3/23,418,10/4/23,250,28/4/23,238,15/5/23
A204,HUlc,13/1/23,bPpx5.5,1450,1482,3,1/8,DAB,,,,,,,,,95,1.02,600,5/3/23,511,27/3/23,371,17/4/23
A205,HUlc,13/1/23,Ppx5.5,1450,1410,5,1/8,DAB,,,,,,,,,95,0.97,367,4/3/23,286,17/3/23,270,8/4/23,330,25/4/23,157,11/5/23
A206,HUlc,13/1/23,bPpx5.5,1450,1553,4,1/8,DAB,,,,,,,,,95,1.07,439,28/2/23,322,11/3/23,501,8/4/23,291,28/4/23
A207,HUlc,13/1/23,Ppx5.5,1450,1545,4,1/8,DAB,,,,,,,,,95,1.07,643,3/3/23,396,2/4/23,345,24/4/23,161,13/5/23
A208,HUlc,13/1/23,bPpx5.5,1450,1564,5,1/8,DAB,,,,,,,,,95,1.08,360,28/2/23,218,9/3/23,390,27/3/23,349,17/4/23,247,5/5/23
A209,HUlc,13/1/23,Ppx5.5,1450,1601,4,1/8,DAB,,,,,,,,,95,1.1,523,4/3/23,571,27/3/23,336,17/4/23,171,7/5/23
A211,POm,18/1/23,Ppx5.5,1450,1566,4,1/8,AAC,,,,,,,,,90,1.08,546,6/3/23,342,27/3/23,577,15/4/23,101,5/5/23
A105,POm,10/12/22,Ppx5.5,1450,1565,4,1/8,Xdab,,,,,,,,,494,1.08,856,25/1/23,344,22/2/23,201,18/3/23,164,11/4/23
A106,POm,16/12/22,Ppx5.5,1450,1471,5,1/9,Xdad,,,,,,,,,488,1.01,729,25/1/23,343,25/2/23,78,25/3/23,131,11/4/23,190,13/5/23
A107,HUlc,28/11/22,Ppx5.5,1450,1594,5,1/8,XXCB,,,,,,,,,142,1.1,375,27/1/23,657,5/3/23,231,31/3/23,202,18/4/23,129,9/5/23
A108,PEtun,10/12/22,aPpx7,1850,938,2,1/10,xcbc,,,,,,unicorn,,,494,0.51,548,8/3/23,390,2/4/23
A109,Bpearl,16/12/22,Ppx7,1850,2012,3,1/6,xgb,,,,,,unicorn,,,488,1.09,1194,1/2/23,511,20/2/23,307,21/3/23
A110,POm,16/12/22,Ppx5.5,1450,1436,4,1/9,xdad,,,,,,,,,488,0.99,757,25/1/23,277,23/2/23,209,20/3/23,193,15/4/23
A111,POm,16/12/22,Ppx5.5,1450,1456,4,1/9,xdad,,,,,,,,,488,1,794,25/1/23,222,20/2/23,252,11/3/23,188,2/4/23
A112,PNb,16/12/22,SFtx6,1580,,,1/4,xxaA,,,,,,,,,488
A113,PAb,16/12/22,aPpx7,1850,1626,3,1/7,xeba,,,,,,,,,488,0.88,737,20/2/23,521,24/3/23,368,18/4/23
A114,PAb,16/12/22,Ppx5.5,1450,625,2,1/7,xeba,,,,,,,,,488,0.43,128,5/3/23,497,14/4/23
A115,POm,16/12/22,Ppx5.5,1450,1154,3,1/9,xdad,,,,,,,,,488,0.8,675,25/1/23,270,19/2/23,209,2/4/23
A116,POm,20/12/22,Ppx5.5,1450,1498,4,1/8,xdab,,,,,,,,,484,1.03,690,25/1/23,355,22/2/23,284,21/3/23,169,17/4/23
A117,PEtun,20/12/22,Ppx5.5,1450,655,2,1/8,Xcba,,,,,,,,,484,0.45,263,6/2/23,392,10/3/23
A119,PEtun,10/12/22,aPpx5.5,1450,607,3,1/10,xcbc,,,,,,,,,494,0.42,225,29/1/23,356,22/3/23,26,17/4/23
A118,POm,20/12/22,Ppx5.5,1450,1542,5,1/8,xdab,,,,,,,,,484,1.06,835,27/1/23,228,21/2/23,269,13/3/23,138,1/4/23,72,22/4/23
A212,POm,18/1/23,bPpx5.5,1450,1541,4,1/9,AAC,,,NG,,,,,,90,1.06,561,2/3/23,628,25/3/23,222,16/4/23,130,5/5/23
A213,POm,18/1/23,Ppx5.5,1450,1464,5,1/9,AAC,,,NG,,,,,,90,1.01,728,25/2/23,331,16/3/23,141,3/4/23,92,16/4/23,172,3/5/23
A214,POm,18/1/23,Ppx5.5,1450,1534,5,1/9,AAC,,,NG,,,,,,90,1.06,774,5/3/23,366,27/3/23,161,16/4/23,112,5/5/23,121,19/5/23
A215,POm,18/1/23,Ppx5.5,1450,1441,4,1/9,AAC,,,NG,,,,,,90,0.99,760,11/3/23,229,1/4/23,278,22/4/23,174,16/5/23
A216,POm,18/1/23,Ppx5.5,1450,1325,4,1/9,AAC,,,NG,,,,,,90,0.91,642,5/3/23,249,27/3/23,187,16/4/23,247,11/5/23
A217,POm,18/1/23,bPpx5.5,1450,-1501,3,1/9,AAC,,,NG,,,,,,90,-1.04,193,29/3/23,230,17/4/23,-1924,7/5/23
A219,POm,18/1/23,bPpx5.5,1450,1998,4,1/9,AAC,,,NG,,,,,,90,1.38,1382,27/2/23,279,18/3/23,200,6/4/23,137,30/4/23
A218,POm,18/1/23,Ppx5.5,1450,1445,4,1/9,AAC,,,NG,,,,,,90,1,692,9/3/23,351,27/3/23,251,15/4/23,151,5/5/23
A120,POm,11/12/22,aPpx5.5,1450,1478,5,1/9,xdad,,,,,,,,,493,1.02,883,21/1/23,77,9/2/23,250,25/2/23,169,21/3/23,99,16/4/23
A121,POm,10/12/22,aPpx5.5,1450,1199,4,1/8,xdac,,,,,,,,,494,0.83,649,21/1/23,117,15/2/23,280,28/2/23,153,28/3/23
A122,HUlc,28/11/22,Ppx5.5,1450,1417,5,1/8,xxcb,,,,,,,,,142,0.98,360,21/1/23,417,26/2/23,396,22/3/23,158,14/4/23,86,3/5/23
A123,POm,20/12/22,Ppx5.5,1450,1517,4,1/8,xdab,,,,,,,,,484,1.05,781,21/1/23,291,19/2/23,219,13/3/23,226,10/4/23
A124,POm,20/12/22,Ppx5.5,1450,1438,4,1/8,xdab,,,,,,,,,484,0.99,557,4/2/23,314,25/2/23,259,20/3/23,308,18/4/23
A125,POm,20/12/22,Ppx5.5,1450,1714,4,1/8,xdab,,,,,,,,,484,1.18,943,29/1/23,328,25/2/23,257,25/3/23,186,21/4/23
A126,POm,20/12/22,Ppx5.5,1450,1008,4,1/8,xdab,,,,,,,,,484,0.7,578,6/2/23,198,2/3/23,145,29/3/23,87,21/4/23
A127,PEtun,25/11/22,Ppx5.5,1450,1158,3,1/8,xeab,,,,,,,,,145,0.8,367,1/2/23,643,3/3/23,148,27/3/23
A128,PEtun,20/12/22,Ppx5.5,1450,1105,2,1/8,xcba,,,,,,,,,484,0.76,991,28/2/23,114,22/3/23
A129,PEtun,20/12/22,Ppx5.5,1450,761,3,1/8,xcba,,,,,,,,,484,0.52,317,9/2/23,230,12/3/23,214,11/5/23
A130,PEtun,20/12/22,Ppx5.5,1450,895,3,1/8,xcba,,,,,,,,,484,0.62,162,15/2/23,580,2/4/23,153,25/4/23
A131,Bpearl,3/11/22,Ppx5.5,1450,1275,3,1/7,XXXF,hot,,,,,,,,167,0.88,670,4/2/23,369,26/2/23,236,21/3/23
A132,Bpearl,16/12/22,Ppx5.5,1450,1258,4,1/6,xgb,,,,,,,,,488,0.87,541,15/2/23,288,27/2/23,292,21/3/23,137,4/4/23
A220,PPgiotaspawn,21/1/23,Ppx5.5,1450,,,1/8,EAB,,,,,,,,,87
A221,PPgiotaspawn,21/1/23,Ppx5.5,1450,,,1/8,EAB,,,,,,,,,87
A222,PPgiotaspawn,21/1/23,Ppx5.5,1450,,,1/8,EAB,,,,,,,,,87
A223,PPgiotaspawn,21/1/23,Ppx5.5,1450,,,1/8,EAB,,,,,,,,,87
A224,PPgiotaspawn,21/1/23,Ppx5.5,1450,,,1/8,EAB,,,,,,,,,87
A225,PPgiotaspawn,21/1/23,Ppx5.5,1450,,,1/8,EAB,,,,,,,,,87
A227,PPgiotaspawn,21/1/23,Ppx5.5,1450,,,1/8,EAB,,,,,,,,,87
A228,PPgiotaspawn,21/1/23,Ppx5.5,1450,,,1/8,EAB,,,,,,,,,87
A226,HEg,21/1/23,Ppx5.5,1450,1092,5,1/8,xfbc,,,,,,,,,87,0.75,547,11/3/23,290,25/3/23,88,18/4/23,118,1/5/23,49,13/5/23
A229,HEg,21/1/23,Ppx5.5,1450,914,6,1/9,xfbc,,,,,,,,,87,0.63,454,11/3/23,181,25/3/23,54,6/4/23,105,14/4/23,74,30/4/23,46,15/5/23
A230,HEg,21/1/23,Ppx5.5,1450,1063,7,1/9,xfbc,,,,,,,,,87,0.73,454,5/3/23,272,20/3/23,76,2/4/23,62,14/4/23,95,26/4/23,49,7/5/23,55,20/5/23
A231,HEg,21/1/23,Ppx5.5,1450,739,5,1/9,xfbc,,,,,1,,,,87,0.51,404,21/3/23,110,2/4/23,85,14/4/23,116,26/4/23,24,11/5/23
A232,HEg,21/1/23,Ppx5.5,1450,1078,6,1/9,xfbc,,,,,,,,,87,0.74,478,7/3/23,366,21/3/23,43,15/4/23,96,26/4/23,50,7/5/23,45,20/5/23
A233,HEg,21/1/23,Ppx5.5,1450,991,6,1/9,xfbc,,,,,,,,,87,0.68,405,8/3/23,351,21/3/23,40,6/4/23,56,16/4/23,106,26/4/23,33,15/5/23
A234,HEg,21/1/23,Ppx5.5,1450,1120,7,1/9,xfbc,,,,,,,,,87,0.77,426,5/3/23,317,18/3/23,63,28/3/23,129,10/4/23,59,22/4/23,61,5/5/23,65,19/5/23
A235,HEg,21/1/23,Ppx5.5,1450,1071,6,1/9,xfbc,,,,,,,,,87,0.74,407,5/3/23,375,18/3/23,93,31/3/23,96,14/4/23,62,28/4/23,38,12/5/23
A236,HEg,21/1/23,Ppx5.5,1450,950,5,1/9,xfbc,,,,,1,,,,87,0.66,401,11/3/23,332,25/3/23,71,16/4/23,68,28/4/23,78,13/5/23
A237,POm,21/1/23,Ppx5.5,1450,1515,4,1/9,xdb,,,,,,,,,87,1.04,785,1/3/23,362,27/3/23,164,18/4/23,204,13/5/23
A238,POm,21/1/23,Ppx5.5,1450,1109,4,1/8,xdb,,,,,,,,,87,0.76,540,6/3/23,156,29/3/23,222,22/4/23,191,18/5/23
A239,PCg,21/1/23,Ppx5.5,1450,807,5,1/8,HAA,,,NG,,,,,,87,0.56,348,7/3/23,176,24/3/23,48,12/4/23,178,26/4/23,57,11/5/23
A240,PCg,21/1/23,Ppx5.5,1450,1055,4,1/8,xdb,,,,,,,,,87,0.73,701,7/3/23,160,6/4/23,148,21/4/23,46,5/5/23
A241,PCg,21/1/23,Ppx5.5,1450,1311,4,1/8,xdb,,,,,,,,,87,0.9,643,5/3/23,227,21/3/23,322,26/4/23,119,11/5/23
A242,PCg,21/1/23,Ppx5.5,1450,1334,3,1/8,xdb,,,,,,,,,87,0.92,876,11/3/23,279,31/3/23,179,26/4/23
A243,PCg,21/1/23,bPpx5.5,1450,1142,3,1/8,xdb,,,,,,,,,87,0.79,894,15/3/23,96,17/4/23,152,30/4/23
A244,PCg,21/1/23,bPpx5.5,1450,1090,4,1/8,xdb,,,,,,,,,87,0.75,601,8/3/23,198,22/3/23,190,6/4/23,101,2/5/23
A245,LEm,21/1/23,SFtx6,1580,,,1/8,xaCA,,3000,,,,,,,87
A246,LEm,21/1/23,SFtx6,1580,,,1/8,xaCA,,,,,,,,,87
A247,LEm,21/1/23,SFtx6,1580,378,1,1/8,xaCA,,,,,,,,,87,0.24,378,18/5/23
A248,LEm,21/1/23,SFtx6,1580,,,1/8,xaCA,,,,,,,,,87
A249,LEm,21/1/23,SDx6,1580,,,1/8,xaCA,,,,,,,,,87
A250,LEm,21/1/23,SDx6,1580,,,1/8,xaCA,,,,,,,,,87
A251,LEm,21/1/23,SDx6,1580,,,1/8,xaCA,,,,,,,,,87
A253,LEm,21/1/23,Oakx6,1580,,,1/8,xaCA,,,,,,,,,87
A252,POm,21/1/23,Ppx5.5,1450,1483,4,1/8,xdb,,,,,,,,,87,1.02,811,5/3/23,223,28/3/23,353,17/4/23,96,13/5/23
A255,POm,21/1/23,Ppx5.5,1450,1532,4,1/8,xdb,,,,,,,,,87,1.06,889,1/3/23,373,27/3/23,158,16/4/23,112,9/5/23
A254,POm,21/1/23,Ppx5.5,1450,1296,3,1/8,xdb,,,NG,,,,,,87,0.89,820,3/3/23,275,17/4/23,201,10/5/23
A256,POm,21/1/23,Ppx5.5,1450,1166,4,1/8,xdb,,,,,,,,,87,0.8,634,6/3/23,189,29/3/23,228,21/4/23,115,18/5/23
A257,POm,21/1/23,Ppx5.5,1450,1675,4,1/8,HAA,,,NG,,,,,,87,1.16,1007,5/3/23,262,28/3/23,239,18/4/23,167,12/5/23
A258,POm,21/1/23,Ppx5.5,1450,1586,4,1/8,HAA,,,NG,,,,,,87,1.09,926,2/3/23,155,22/3/23,352,14/4/23,153,11/5/23
A259,PCg,21/1/23,Ppx5.5,1450,800,3,1/8,HAA,,,NG,,,,,,87,0.55,332,8/3/23,263,15/4/23,205,28/4/23
A260,PCg,21/1/23,Ppx5.5,1450,1561,3,1/8,HAA,,,NG,,,,,,87,1.08,1144,18/3/23,86,6/4/23,331,21/4/23
A133,PEtun,20/12/22,Ppx5.5,1450,900,3,1/8,xcba,,,,,,,,,484,0.62,473,23/2/23,348,13/3/23,79,6/4/23
A134,PEtun,28/11/22,Ppx5.5,1450,1053,3,1/8,xcba,,,,,,,,,142,0.73,450,21/2/23,495,15/3/23,108,8/4/23
A135,PAb,16/12/22,Ppx5.5,1450,1584,2,1/7,xeba,,,,,,,,,488,1.09,977,13/3/23,607,21/4/23
A139,HU22,10/12/22,aPpx5.5,1450,1557,6,1/7,xahG,,,,,,,,,494,1.07,1029,6/2/23,118,1/3/23,51,13/3/23,187,27/3/23,84,15/4/23,88,30/4/23
A140,HU22,20/10/22,Ppx5.5,1450,2032,4,1/8,xhaa,,,,,,,,,180,1.4,1133,6/2/23,640,2/4/23,173,22/4/23,86,9/5/23
A137,POm,10/12/22,aPpx5.5,1450,1561,5,1/8,xdac,,,,,,,,,494,1.08,873,18/2/23,242,6/3/23,182,28/3/23,106,15/4/23,158,15/5/23
A136,PAb,21/11/22,aPpx5.5,1450,1377,3,1/8,xebb,,,,,,,,,149,0.95,354,19/2/23,604,18/3/23,419,10/4/23
A138,Bpearl,16/12/22,Ppx5.5,1450,1363,3,1/6,xgb,,,,,,,,,488,0.94,671,19/2/23,464,7/3/23,228,15/5/23
A141,Bpearl,16/12/22,Ppx5.5,1450,1402,3,1/6,xgb,,,,,,,,,488,0.97,738,15/2/23,483,2/3/23,181,29/3/23
A142,PEtun,20/12/22,Ppx5.5,1450,779,2,1/8,xcba,,,,,,,,,484,0.54,364,5/3/23,415,28/3/23
A143,HU22,20/12/22,Ppx5.5,1450,1666,4,1/8,xhaa,,,,,,,,,484,1.15,1101,15/2/23,97,5/3/23,348,25/3/23,120,19/4/23
A144,POm,4/1/23,Ppx5.5,1450,1163,2,1/8,B1,,,,,,,,,104,0.8,779,19/2/23,384,15/3/23
A145,POm,4/1/23,Ppx5.5,1450,1450,4,1/10,xdaa,,,,,,,,,104,1,584,16/2/23,464,11/3/23,122,1/4/23,280,21/4/23
A146,POm,4/1/23,Ppx5.5,1450,1372,4,1/10,xdaa,,,,,,,,,104,0.95,766,15/2/23,231,9/3/23,221,28/3/23,154,25/4/23
A147,POm,4/1/23,Ppx5.5,1450,1505,4,1/10,xdaa,,,,,,,,,104,1.04,857,15/2/23,337,11/3/23,206,4/4/23,105,21/4/23
A148,PTc,4/1/23,Ppx5.5,1450,221,1,1/10,xbbbmold,,,,,,,,,104,0.15,221,13/5/23
A149,PTc,4/1/23,Ppx5.5,1450,449,2,1/10,xbbbmold,,,,,,,,,104,0.31,327,12/3/23,122,10/4/23
A150,PTc,4/1/23,Ppx5.5,1450,480,2,1/10,xbbbmold,,,,,,,,,104,0.33,296,5/3/23,184,10/4/23
A151,PTc,4/1/23,Ppx5.5,1450,305,2,1/10,xbbbmold,,,,,,,,,104,0.21,212,31/3/23,93,2/5/23
A152,Bpearl,16/12/22,Ppx5.5,1450,1587,4,1/6,xgb,,,,,,,,,488,1.09,670,23/2/23,474,12/3/23,293,2/4/23,150,18/4/23
A153,Bpearl,3/11/22,Ppx5.5,1450,1521,5,1/7,xxxfhot,,,,,,,,,167,1.05,660,15/2/23,422,28/2/23,225,24/3/23,150,18/4/23,64,26/4/23
A261,LEm,2/2/23,SFtx6+,,,,1/8,xaCB,,,,,,,,,78
A262,LEm,2/2/23,SFtx6+,,,,1/8,xaCB,,,,,,,,,78
A263,LEm,2/2/23,SFtx6+,,,,1/8,xaCB,,,,,,,,,78
A264,LEm,2/2/23,SFtx6+,,,,1/8,xaCB,,,,,,,,,78
A265,LEm,2/2/23,SFtx6+,,,,1/8,xaCB,,,,,,,,,78
A266,POm,2/2/23,Ppx6,1580,1689,4,1/8,AAB,,,,,,,,,78,1.07,971,10/3/23,371,2/4/23,208,21/4/23,139,13/5/23
A267,POm,2/2/23,PpBr20Sg10x5.5,1450,743,3,1/8,AAB,,,,,,,,,78,0.51,470,12/3/23,197,29/3/23,76,7/5/23
A269,POm,2/2/23,SFtBr20Sg10x6+,,992,2,1/8,AAB,,,,,,,,,78,,719,24/3/23,273,18/4/23
A268,POm,2/2/23,SFtSgx6+,,242,1,1/8,AAB,,,,,,,,,78,,242,6/4/23
A270,HEg,2/2/23,Ppx5.5,1450,,,1/8,LBD,,,,,,,,,78
A271,HEg,2/2/23,Ppx5.5,1450,,,1/8,LBD,,,,,,,,,78
A272,HEg,2/2/23,Ppx5.5,1450,729,4,1/8,LBD,,,,,,,,,78,0.5,382,25/3/23,121,6/4/23,114,21/4/23,112,5/5/23
A273,HEg,2/2/23,Ppx5.5,1450,683,4,1/8,LBD,,,,,,,,,78,0.47,355,25/3/23,193,6/4/23,25,21/4/23,110,3/5/23
A274,HEg,2/2/23,Ppx5.5,1450,,,1/8,LBD,,,,,,,,,78
A275,HEg,2/2/23,Ppx5.5,1450,,,1/8,LBD,,,,,,,,,78
A276,HEg,2/2/23,Ppx5.5,1450,997,6,1/8,LBD,,,,,,,,,78,0.69,422,18/3/23,195,28/3/23,88,10/4/23,136,21/4/23,118,1/5/23,38,13/5/23
A277,HEg,2/2/23,Ppx5.5,1450,582,3,1/8,LBD,,,,,,,,,78,0.4,523,21/3/23,41,30/4/23,18,13/5/23
A278,PEtun,2/2/23,Ppx5.5,1450,1034,1,1/8,#G-NAB,,,,,,,,,78,0.71,1034,21/4/23
A279,PEtun,2/2/23,Ppx5.5,1450,294,1,1/8,#G-NAB,,,,,,,,,78,0.2,294,30/4/23
A280,PEtun,2/2/23,Ppx5.5,1450,,,1/8,#G-NAB,,,,,,,,,78
A281,PEtun,2/2/23,Ppx5.5,1450,,,1/8,#G-NAB,,,,,,,,,78
A282,PEtun,2/2/23,Ppx5.5,1450,356,2,1/8,#G-NAB,,,,,,,,,78,0.25,151,22/3/23,205,13/5/23
A283,PEtun,2/2/23,Ppx5.5,1450,629,1,1/8,#G-NAB,,,,,,,,,78,0.43,629,28/4/23
A284,PEtun,2/2/23,Ppx5.5,1450,345,1,1/8,#G-NAB,,,,,,,,,78,0.24,345,22/3/23
A285,PEtun,2/2/23,Ppx5.5,1450,600,2,1/8,#G-NAB,,,,,,,,,78,0.41,442,23/4/23,158,13/5/23
A154,POm,5/1/23,Ppx5.5,1450,1367,4,1/10,xdaa,,,,,,,,,103,0.94,874,22/2/23,261,15/3/23,125,8/4/23,107,15/5/23
A155,POm,5/1/23,Ppx5.5,1450,984,3,1/10,xdaa,trou,,,,,,,,103,0.68,299,25/3/23,467,10/4/23,218,11/5/23
A156,POm,5/1/23,Ppx5.5,1450,1298,4,1/10,xdaa,,,,,,,,,103,0.9,763,23/2/23,285,16/3/23,178,8/4/23,72,9/5/23
A157,POm,5/1/23,Ppx5.5,1450,562,3,1/10,xdaa,,,,,,,,,103,0.39,227,18/3/23,210,2/4/23,125,21/4/23
A158,PSg,8/11/22,Ppx5.5,1450,1263,6,1/8,,,,,,,,,,162,0.87,686,1/3/23,113,15/3/23,52,29/3/23,76,14/4/23,211,3/5/23,125,15/5/23
A159,PTc,4/1/23,Ppx5.5,1450,402,1,1/10,xbbb,,,,,,,,,104,0.28,402,7/3/23
A160,PTc,4/1/23,Ppx5.5,1450,540,2,1/10,xbbb,,,,,,,,,104,0.37,326,6/3/23,214,27/3/23
A161,PTc,4/1/23,Ppx5.5,1450,601,2,1/10,xbbb,,,,,,,,,104,0.41,348,6/3/23,253,2/4/23
A162,PTc,4/1/23,Ppx5.5,1450,518,2,1/10,xbbb,,,,,,,,,104,0.36,207,5/3/23,311,10/4/23
B1,POm,7/2/23,Ppx7,1850,2241,4,1/9,AAA,,,,,,unicorn,,,73,1.21,1256,8/3/23,359,27/3/23,414,15/4/23,212,7/5/23
B2,POm,7/2/23,Ppx7,1850,2257,4,1/9,AAA,,,,,,unicorn,,,73,1.22,1101,8/3/23,327,28/3/23,586,18/4/23,243,13/5/23
B3,POm,7/2/23,Ppx5.5,1450,1203,4,1/9,AAA,,,,,,,,,73,0.83,178,21/3/23,376,3/4/23,323,22/4/23,326,13/5/23
B4,POm,7/2/23,Ppx5.5,1450,1486,3,1/9,AAA,,,,,,,,,73,1.02,875,16/3/23,328,6/4/23,283,25/4/23
B5,POm,7/2/23,Ppx5.5,1450,1615,3,1/9,AAA,,,,,,,,,73,1.11,815,15/3/23,355,3/4/23,445,21/4/23
B6,POm,7/2/23,Ppx5.5,1450,,,1/9,AAA,,,,,,,,,73
B7,POm,7/2/23,Ppx5.5,1450,1339,3,1/9,AAA,,,,,,,,,73,0.92,699,15/3/23,356,6/4/23,284,28/4/23
B8,POm,7/2/23,Ppx5.5,1450,1832,4,1/9,AAA,,,,,,,,,73,1.26,962,11/3/23,429,2/4/23,308,22/4/23,133,17/5/23
B9,POm,7/2/23,Ppx5.5,1450,1361,3,1/9,AAA,,,,,,,,,73,0.94,872,21/3/23,375,12/4/23,114,5/5/23
B10,HUlc,7/2/23,Ppx7,1850,2165,4,1/8,DCA,,,,,,unicorn,,,73,1.17,887,10/3/23,565,2/4/23,422,21/4/23,291,9/5/23
B11,HUlc,7/2/23,Ppx5.5,1450,628,2,1/8,DCA,,,,,,,,,73,0.43,343,10/4/23,285,1/5/23
B12,HUlc,7/2/23,Ppx5.5,1450,2040,4,1/8,DCA,,,,,,,,,73,1.41,1119,22/3/23,151,10/4/23,472,25/4/23,298,13/5/23
B13,HUlc,7/2/23,Ppx5.5,1450,1197,4,1/8,DCA,,,,,,,,,73,0.83,401,31/3/23,275,10/4/23,312,2/5/23,209,19/5/23
B14,HUlc,7/2/23,Ppx5.5,1450,1533,4,1/8,DCA,,,,,,,,,73,1.06,412,21/3/23,281,2/4/23,542,22/4/23,298,10/5/23
B15,HUlc,7/2/23,Ppx5.5,1450,,,1/8,DCA,,,,,,,,,73
B16,HUlc,7/2/23,Ppx5.5,1450,,,1/8,DCA,,,,,,,,,73
B17,HUlc,7/2/23,Ppx5.5,1450,1481,3,,DCA,,,,,,,,,73,1.02,481,27/3/23,504,24/4/23,496,14/5/23
B18,PTc,7/2/23,Ppx5.5,1450,410,1,1/8,#G-NAA,,,,,,,,,73,0.28,410,25/4/23
B19,PTc,7/2/23,Ppx5.5,1450,625,2,1/8,#G-NAA,,,,,,,,,73,0.43,310,25/3/23,315,22/4/23
B20,PTc,7/2/23,Ppx5.5,1450,727,1,1/8,#G-NAA,,,,,,,,,73,0.5,727,26/4/23
B21,PTc,7/2/23,Ppx5.5,1450,191,2,1/8,#G-NAA,,,,,,,,,73,0.13,130,25/3/23,61,15/5/23
B22,PTc,7/2/23,Ppx5.5,1450,342,1,1/8,#G-NAA,,,,,,,,,73,0.24,342,22/3/23
B23,PTc,7/2/23,Ppx5.5,1450,,,1/8,#G-NAA,,,,,,,,,73
B24,PTc,7/2/23,Ppx5.5,1450,,,1/8,#G-NAA,,,,,,,,,73
B25,PTc,7/2/23,Ppx5.5,1450,333,1,1/8,#G-NAA,,,,,,,,,73,0.23,333,28/3/23
A286,LEm,3/11/22,Kx6,1580,,,1/8,XXXH,,,,,,,,,167
A287,LEm,3/11/22,Kx6+,,108,1,1/8,XXXH,,,,,,,,,167,,108,28/2/23
A289,POm,6/1/23,Ppx5.5,1450,1600,3,2/3,Master,,,,,,,,,102,1.1,1034,23/2/23,303,22/3/23,263,14/4/23
A290,HU22,20/12/22,Ppx5.5,1450,780,4,1/8,xhaa,,,,,,,,,484,0.54,198,25/2/23,230,24/3/23,194,16/4/23,158,5/5/23
A291,AA22,6/12/22,Ppx5.5,1450,1003,3,1/8,xaaL,,,,,,,,,498,0.69,553,10/4/23,374,30/4/23,76,19/5/23
A292,PSg,8/11/22,Ppx5.5,1450,885,4,1/8,x,,,,,,,,,162,0.61,402,28/2/23,195,12/4/23,97,28/4/23,191,13/5/23
A288,HU22,20/12/22,Ppx5.5,1450,1454,5,1/8,xhaa,,,,,,,,,484,1,578,26/2/23,138,11/3/23,324,27/3/23,217,18/4/23,197,9/5/23
B26,LEm,9/2/23,SDx6,1580,138,1,1/8,C-MB,,,,,,,,,71,0.09,138,20/5/23
B27,LEm,9/2/23,SDx6,1580,,,1/8,C-MB,,,,,,,,,71
B28,LEm,9/2/23,SDx6,1580,,,1/8,C-MB,,,,,,,,,71
B29,LEm,9/2/23,SDx6,1580,,,1/8,C-MB,,,,,,,,,71
B30,LEm,9/2/23,SDx6,1580,,,1/8,C-MB,,,,,,,,,71
B31,LEm,9/2/23,SDx6,1580,,,1/8,C-MB,,,,,,,,,71
B32,LEm,9/2/23,SDx6,1580,,,1/8,C-MB,,,,,,,,,71
B33,LEm,9/2/23,SDx6,1580,,,1/8,C-MB,,,,,,,,,71
B34,LEm,9/2/23,SDx6,1580,,,1/8,C-MA,,,,,,,,,71
B35,LEm,9/2/23,SDx6,1580,273,1,1/8,C-MA,,,,,,,,,71,0.17,273,20/5/23
B36,LEm,9/2/23,SDx6,1580,,,,C-MA,,,,,,,,,71
B37,LEm,9/2/23,SDx6,1580,,,1/8,C-MA,,,,,,,,,71
B38,LEm,9/2/23,SDx6,1580,,,1/8,C-MA,,,,,,,,,71
B39,LEm,9/2/23,SDx6,1580,,,1/8,C-MA,,,,,,,,,71
B40,LEm,9/2/23,SDx6,1580,,,1/8,C-MA,,,,,,,,,71
B41,LEm,9/2/23,SDx6,1580,,,1/8,C-MA,,,,,,,,,71
B42,PCg,9/2/23,Ppx5.5,1450,1611,3,1/8,HAB,,,,,,,,,71,1.11,923,16/3/23,480,2/4/23,208,24/4/23
B43,PCg,9/2/23,Ppx5.5,1450,1326,4,1/8,HAB,,,,,,,,,71,0.91,945,18/3/23,155,4/4/23,216,1/5/23,10,13/5/23
B44,PCg,9/2/23,Ppx5.5,1450,1433,4,1/8,HAB,,,,,,,,,71,0.99,521,15/3/23,579,29/3/23,89,18/4/23,244,30/4/23
B45,PCg,9/2/23,Ppx5.5,1450,1554,3,1/8,HAB,,,,,,,,,71,1.07,1105,25/3/23,203,22/4/23,246,10/5/23
B46,PCg,9/2/23,Ppx5.5,1450,1517,4,1/8,HAB,,,,,,,,,71,1.05,920,27/3/23,359,11/4/23,125,26/4/23,113,10/5/23
B47,PCg,9/2/23,Ppx5.5,1450,1444,3,1/8,HAB,,,,,,,,,71,1,933,20/3/23,314,6/4/23,197,2/5/23
B48,PCg,9/2/23,Ppx5.5,1450,595,2,1/8,HAB,,,,,,,,,71,0.41,281,6/4/23,314,25/4/23
B49,PCg,9/2/23,Ppx5.5,1450,1069,2,1/8,HAB,,,,,,,,,71,0.74,964,21/4/23,105,10/5/23
B51,GLg,17/2/23,SDx6,1580,,,1/8,#M-KAB,,,,,,,,,63
B50,GLg,17/2/23,SDx6,1580,,,1/8,#M-KAB,,,,,,,,,63
B52,GLg,17/2/23,SDx6,1580,,,1/8,#M-KAB,,,,,,,,,63
B53,GLg,17/2/23,SDx6,1580,,,1/8,#M-KAB,,,,,,,,,63
B54,PPgiotaspawn,17/2/23,Ppx5.5,1450,,,1/8,EAA,,,,,,,,,63
B55,PPgiotaspawn,17/2/23,Ppx5.5,1450,,,1/8,EAA,,,,,,,,,63
B56,PPgiotaspawn,17/2/23,Ppx5.5,1450,,,1/8,EAA,,,,,,,,,63
B57,PPgiotaspawn,17/2/23,Ppx5.5,1450,,,1/8,EAA,,,,,,,,,63
B58,PPgiotaspawn,17/2/23,Ppx5.5,1450,,,1/8,EAA,,,,,,,,,63
B59,PPgiotaspawn,17/2/23,Ppx5.5,1450,,,1/8,EAA,,,,,,,,,63
B60,PPgiotaspawn,17/2/23,Ppx5.5,1450,,,1/8,EAA,,,,,,,,,63
B61,PPgiotaspawn,17/2/23,Ppx5.5,1450,,,1/8,EAA,,,,,,,,,63
B62,HUlc,17/2/23,Ppx5.5,1450,,,1/9,DBA,,,,,,,,,63
B63,HUlc,17/2/23,Ppx5.5,1450,1143,4,1/9,DBA,,,,,,,,,63,0.79,483,2/4/23,256,12/4/23,303,30/4/23,101,18/5/23
B64,HUlc,17/2/23,Ppx5.5,1450,1814,4,1/9,DBA,,,,,,,,,63,1.25,696,25/3/23,396,4/4/23,470,28/4/23,252,15/5/23
B65,HUlc,17/2/23,Ppx5.5,1450,927,2,1/9,DBA,,,,,,,,,63,0.64,455,16/4/23,472,7/5/23
B66,HUlc,17/2/23,Ppx5.5,1450,1196,3,1/9,DBA,,,,,,,,,63,0.82,485,3/4/23,221,15/4/23,490,1/5/23
B67,HUlc,17/2/23,Ppx5.5,1450,1186,3,1/9,DBA,,,,,,,,,63,0.82,662,27/3/23,174,22/4/23,350,7/5/23
B68,HUlc,17/2/23,Ppx5.5,1450,,,1/9,DBA,,,,,,,,,63
B69,HUlc,17/2/23,Ppx5.5,1450,1241,3,1/9,DBA,,,,,,,,,63,0.86,767,6/4/23,365,28/4/23,109,19/5/23
B70,HU22,17/2/23,Ppx5.5,1450,801,2,1/8?,xaaL,,,,,,,,,63,0.55,552,3/4/23,249,20/5/23
B71,AA22,17/2/23,SDx6,1580,381,2,1/8?,xaaL,,,,,,,,,63,0.24,187,22/4/23,194,5/5/23
B72,AA22,17/2/23,SDx6,1580,,,1/8?,xaaL,,,,,,,,,63
B73,AA22,17/2/23,SDx6,1580,385,1,1/8?,xaaL,,,,,,,,,63,0.24,385,7/5/23
A293,LEm,25/11/22,SDx7,,1305,1,1/8,xaaa,,,,,,unicorn,,,145,,1305,21/2/23
A294,LEm,27/10/22,Mpx6,,659,1,1/8,XXXH,,,,,,,,,173,,659,25/2/23
A295,LEm,21/11/22,aSDx6,,392,1,1/9,xaea,,,,,,,,,149,,392,25/2/23
A296,LEm,25/11/22,Ppx5.5,1450,658,1,,xaaaà18/2/23,,,,,,,,,145,0.45,658,28/2/23
A297,LEm,3/11/22,Mpx6,,752,1,1/8,XXXH,,,,,,,,,167,,752,25/2/23
A298,LEm,28/11/22,SDx6,1580,791,1,1/8,xaab,,,,,,,,,142,0.5,791,26/2/23
A299,LEm,6/12/22,SDx6,1580,1398,1,1/8,xaac,,,,,,,,,498,0.88,1398,23/2/23
A300,LEm,3/11/22,KMpx6,,423,1,1/8,XXXH,,,,,,,,,167,,423,28/2/23
Α39,PEtun,18/11/22,Ppx5.5,1450,139,1,1/8,xcaa,,,,,,,,,152,0.1,139,21/2/23
B75,LEm,21/2/23,SDx6,1580,,,1/12,xaCB,,,,,,,,,59
B76,LEm,21/2/23,SDx6,1580,,,1/12,xaCB,,,,,,,,,59
B78,LEm,21/2/23,SDx6,1580,,,1/12,xaCB,,,,,,,,,59
B77,LEm,21/2/23,Ppx5.5,1450,,,1/12,xaCB,,,,,,,,,59
B85,PNb,21/2/23,Ppx5.5,1450,,,1/8,xaaC,,,,,,,,,59
B86,PNb,21/2/23,Ppx5.5,1450,,,1/8,xaaC,,,,,,,,,59
B79,PNb,21/2/23,SDx6,1580,,,1/8,xaaC,,,,,,,,,59
B80,PNb,21/2/23,SDx6,1580,,,1/8,xaaC,,,,,,,,,59
B81,PNb,21/2/23,SDx6,1580,,,1/8,xaaC,,,,,,,,,59
B82,PNb,21/2/23,SDx6,1580,,,1/8,xaaC,,,,,,,,,59
B83,PNb,21/2/23,SDx6,1580,,,1/8,xaaC,,,,,,,,,59
B84,PNb,21/2/23,SDx6,1580,,,1/8,xaaC,,,,,,,,,59
B87,POm,21/2/23,Ppx5.5,1450,1390,3,1/8,ACA,,,,,,,,,59,0.96,716,2/4/23,320,18/4/23,354,7/5/23
B88,POm,21/2/23,Ppx5.5,1450,,,1/8,ACA,,,,,,,,,59
B89,POm,21/2/23,Ppx5.5,1450,1172,3,1/8,ACA,,,,,,,,,59,0.81,705,4/4/23,302,22/4/23,165,7/5/23
B90,POm,21/2/23,Ppx5.5,1450,1321,3,1/8,ACA,,,,,,,,,59,0.91,748,8/4/23,296,21/4/23,277,7/5/23
B91,POm,21/2/23,Ppx5.5,1450,1330,3,1/8,ACA,,,,,,,,,59,0.92,719,6/4/23,343,22/4/23,268,9/5/23
B92,POm,21/2/23,Ppx5.5,1450,,,1/8,ACA,,,,,,,,,59
B93,POm,21/2/23,Ppx5.5,1450,1430,3,1/8,ACA,,,,,,,,,59,0.99,740,4/4/23,375,21/4/23,315,9/5/23
B94,POm,21/2/23,Ppx5.5,1450,1239,3,1/8,ACA,,,,,,,,,59,0.85,733,4/4/23,209,19/4/23,297,5/5/23
B95,POm,21/2/23,Ppx5.5,1450,,,1/8,AAB,,,,,,,,,59
B96,POm,21/2/23,Ppx5.5,1450,1265,3,1/8,AAB,,,,,,,,,59,0.87,760,6/4/23,176,24/4/23,329,15/5/23
B97,POm,21/2/23,Ppx5.5,1450,1332,3,1/8,AAB,,,,,,,,,59,0.92,731,3/4/23,429,21/4/23,172,9/5/23
B98,LEm,23/2/23,SDx6louk,,,,1/8,C-MA,,,,,,,,,57
B99,LEm,23/2/23,SDx6louk,,,,1/8,C-MA,,,,,,,,,57
A301,LEm,28/11/22,SDx6,1580,779,1,1/8,xaab,,,,,,,,,142,0.49,779,5/3/23
A302,LEm,6/12/22,SDx6,1580,909,2,1/8,xaaC,,,,,,,,,498,0.58,861,4/3/23,48,2/4/23
A304,PEtun,20/12/22,Ppx5.5,1450,481,2,1/8,xcba,,,,,,,,,484,0.33,128,13/3/23,353,5/5/23
A303,HU22,20/12/22,Ppx5.5,1450,1522,4,1/8,xhaa,,,,,,,,,484,1.05,805,5/3/23,397,1/4/23,201,26/4/23,119,19/5/23
A305,HEg,17/1/23,bPpx5.5,1450,650,3,1/8,,,,,,line,,,,91,0.45,397,11/3/23,201,25/3/23,52,8/4/23
A306,HEg,17/1/23,bPpx5.5,1450,735,4,1/8,,,,,,,,,,91,0.51,490,11/3/23,143,25/3/23,50,6/4/23,52,22/4/23
D1,PTc,25/1/23,Ppx5.5,1450,530,1,1/8,xbba,,,,,,,,,83,0.37,530,9/5/23
D2,PTc,25/1/23,Ppx5.5,1450,240,1,1/8,xbba,,,,,,,,,83,0.17,240,25/3/23
D3,PTc,25/1/23,Ppx5.5,1450,108,1,1/8,xbba,,,,,,,,,83,0.07,108,15/5/23
D4,PTc,25/1/23,Ppx5.5,1450,244,1,1/8,xbba,,,,,,,,,83,0.17,244,19/5/23
D5,PTc,25/1/23,Ppx5.5,1450,322,1,1/8,xbba,,,,,,,,,83,0.22,322,1/5/23
D6,HEg,24/1/23,Ppx5.5,1450,842,5,1/8,G2old,,,,,,,,,84,0.58,431,15/3/23,182,27/3/23,120,12/4/23,48,26/4/23,61,10/5/23
D7,HU22,25/1/23,Ppx5.5,1450,1372,4,1/7,1pot,,,,,,,,,83,0.95,604,9/3/23,569,25/3/23,26,16/4/23,173,13/5/23
D8,HU22,25/1/23,Ppx5.5,1450,1312,3,1/8,xhua,,,,,,,,,83,0.9,807,10/3/23,317,6/4/23,188,28/4/23
C1,PCg,24/2/23,Ppx5.5,1450,1710,4,1/8,HAC,,,,,,,,,56,1.18,902,2/4/23,386,16/4/23,325,26/4/23,97,15/5/23
C2,PCg,24/2/23,Ppx5.5,1450,1214,3,1/8,HAC,,,,,,,,,56,0.84,958,3/4/23,205,18/4/23,51,30/4/23
C3,PCg,24/2/23,Ppx5.5louk,,1751,4,1/8,HAC,,,,,,,,,56,,973,27/3/23,384,12/4/23,99,22/4/23,295,9/5/23
C4,PCg,24/2/23,Ppx5.5louk,,,,1/8,HAC,,,,,,,,,56
C5,PCg,24/2/23,Ppx5.5louk,,,,1/8,HAC,,,,,,,,,56
C6,PCg,24/2/23,Ppx5.5louk,,,,1/8,HAC,,,,,,,,,56
C7,PCg,24/2/23,Ppx5.5louk,,,,1/8,HAC,,,,,,,,,56
C8,PCg,24/2/23,Ppx5.5louk,,1510,3,1/8,HAC,,,,,,,,,56,,968,27/3/23,349,12/4/23,193,1/5/23
C9,HEg,24/2/23,Ppx5.5louk,,,,1/8,CBB,,,,,,,,,56
C10,HEg,24/2/23,Ppx5.5louk,,284,2,1/8,CBB,,,,,,,,,56,,168,28/4/23,116,13/5/23
C11,HEg,24/2/23,Ppx5.5louk,,549,3,1/8,CBB,,,,,,,,,56,,369,10/4/23,112,22/4/23,68,5/5/23
C12,HEg,24/2/23,Ppx5.5louk,,,,1/8,CBB,,,,,,,,,56
C13,HEg,24/2/23,Ppx5.5louk,,271,2,1/8,CBB,,,,,,,,,56,,231,22/4/23,40,5/5/23
D9,PEtun,24/1/23,Ppx5.5,1450,406,3,1/8,2.1,,,,,,,,,84,0.28,137,25/3/23,206,16/4/23,63,5/5/23
D10,PTc,25/1/23,Ppx5.5,1450,234,2,1/8,xbbA,,,,,,,,,83,0.16,80,28/3/23,154,16/5/23
D11,PTc,25/1/23,Ppx5.5,1450,400,2,1/8,xbbA,,,,,,,,,83,0.28,228,25/3/23,172,10/5/23
E1,PAb,28/2/23,bPpx5.5,1450,862,1,1/8,xeaA,,,,,,,,,53,0.59,862,9/5/23
E2,PAb,28/2/23,bPpx5.5,1450,,,1/8,xeaA,,,,,,,,,53
E3,PAb,28/2/23,bPpx5.5,1450,832,1,1/8,xeaA,,,,,,,,,53,0.57,832,10/5/23
E4,PAb,28/2/23,bPpx5.5,1450,973,1,1/8,xeaA,,,,,,,,,53,0.67,973,13/5/23
E5,PAb,28/2/23,bPpx5.5,1450,921,1,1/8,xeaA,,,,,,,,,53,0.64,921,10/5/23
E6,PAb,28/2/23,bPpx5.5,1450,,,1/8,xeaA,,,,,,,,,53
E7,PAb,28/2/23,bPpx5.5,1450,1260,1,1/8,xeaA,,,,,,,,,53,0.87,1260,30/4/23
E8,PAb,28/2/23,bPpx5.5,1450,900,1,1/8,xeaA,,,,,,,,,53,0.62,900,13/5/23
E9,LE3790,28/2/23,SFtx6+,,,,1/10,#O-IAB,,,,,,,,,53
E10,LE3790,28/2/23,SFtx6+,,,,1/10,#O-IAB,,,,,,,,,53
E11,LE3790,28/2/23,SFtx6+,,,,1/10,#O-IAB,,,,,,,,,53
E12,LE3790,28/2/23,SDx6,1580,,,1/10,#O-IAB,,,,,,,,,53
E13,LE3790,28/2/23,SDx6,1580,,,1/10,#O-IAB,,,,,,,,,53
E14,LE3790,28/2/23,SDx6,1580,,,1/10,#O-IAB,,,,,,,,,53
E15,LE3790,28/2/23,SDx6,1580,,,1/10,#O-IAB,,,,,,,,,53
E16,LE3790,28/2/23,SDx6,1580,,,1/10,#O-IAB,,,,,,,,,53
E17,LE3790,28/2/23,SDx6,1580,,,1/10,#O-IAB,,,,,,,,,53
E18,LE3790,28/2/23,bPpx5.5,1450,,,1/10,#O-IAB,,,,,,,,,53
E19,HU22,2/3/23,bPpx5.5,1450,973,2,1/8,xhbA,,,,,,,,,48,0.67,798,16/4/23,175,25/4/23
E20,HU22,2/3/23,bPpx5.5,1450,863,2,1/8,xhbA,,,,,,,,,48,0.6,796,14/4/23,67,26/4/23
E21,HU22,2/3/23,bPpx5.5,1450,1069,2,1/8,xhbA,,,,,,,,,48,0.74,914,17/4/23,155,28/4/23
E22,HU22,2/3/23,bPpx5.5,1450,988,1,1/8,xhbA,,,,,line,,,,48,0.68,988,22/4/23
E23,HU22,2/3/23,bPpx5.5,1450,860,1,1/8,xhbA,,,,,,,,,48,0.59,860,23/4/23
E24,HU22,2/3/23,bPpx5.5,1450,,,1/5,xhbA,,,,,,,,,48
E25,HU22,2/3/23,bPpx5.5,1450,1351,1,1/5,xhbA,,,,,,,,,48,0.93,1351,23/4/23
D12,LEm,25/11/22,SDx6,1580,722,2,1/8,xaea,,,,,,,1,,145,0.46,52,3/3/23,670,11/3/23
D13,LEm,25/11/22,aSDx6,,565,1,1/8,xaaa,,,,,,,0,,145,,565,12/3/23
D15,PNb,16/12/22,SFtx6,1580,,,1/4,xxaA,,,,,,,,,488
D14,PTc,24/1/23,Ppx5.5,1450,247,1,1/8,XXa,,,,,,,,,84,0.17,247,9/5/23
D16,PAb,17/1/23,bPpx5.5,1450,1951,3,1/8,xeab,,,,,,,,,91,1.35,978,18/3/23,736,18/4/23,237,15/5/23
D17,PAb,17/1/23,bPpx5.5,1450,1284,2,1/8,xeab,,,,,,,,,91,0.89,965,31/3/23,319,28/4/23
D18,PAb,17/1/23,bPpx5.5,1450,1679,2,1/8,xeab,,,,,,,,,91,1.16,1009,31/3/23,670,2/5/23
D19,AA22,6/12/22,Ppx5.5,1450,965,3,1/8,xaaL,test,,,,,,,,498,0.67,527,25/3/23,370,15/4/23,68,3/5/23
D20,AA22,6/12/22,Ppx5.5,1450,1039,3,1/8,xaaL,test,,,,,,,,498,0.72,570,25/3/23,390,15/4/23,79,7/5/23
D22,LEm,25/11/22,aSDx6,,455,2,1/8,xaaa,,,,,,,1,,145,,422,15/3/23,33,16/4/23
D21,LEm,25/11/22,aSDx6,,474,1,1/8,xaea,,,,,,,1,,145,,474,15/3/23
D23,LEm,28/11/22,SDx6,1580,753,1,1/8,Xaab,,,,,,,,,142,0.48,753,11/3/23
D24,LEm,21/11/22,aSDx6,,387,1,1/8,xaea,,,,,,,,,149,,387,21/3/23
D25,LEm,25/11/22,SDx6,1580,817,1,1/8,xaea,,,,,,,,,145,0.52,817,15/3/23
C14,LEm,3/3/23,SDx6,1580,,,1/8,#C-MBA,,,,,,,,,47
C15,LEm,3/3/23,SDx6,1580,,,1/8,#C-MBA,,,,,,,,,47
C16,LEm,3/3/23,SDx6,1580,,,1/8,#C-MBA,,,,,,,,,47
C17,LEm,3/3/23,SDx6,1580,,,1/8,#C-MBA,,,,,,,,,47
C18,LEm,3/3/23,SDx6,1580,,,1/8,#C-MBA,,,,,,,,,47
C19,LEm,3/3/23,SDx6,1580,,,1/8,#C-MBA,,,,,,,,,47
C20,LEm,3/3/23,SDx6,1580,,,1/8,#C-MBA,,,,,,,,,47
C21,LEm,3/3/23,SDx6,1580,,,1/8,#C-MBC,,,,,,,,,47
C22,LEm,3/3/23,SDx6,1580,,,1/8,#C-MBC,,,,,,,,,47
C23,LEm,3/3/23,SDx6,1580,,,1/8,#C-MBC,,,,,,,,,47
C24,LEm,3/3/23,SDx6,1580,,,1/8,#C-MBC,,,,,,,,,47
C25,LEm,3/3/23,SDx6,1580,,,1/8,#C-MBC,,,,,,,,,47
C26,LEm,3/3/23,SDx6,1580,,,1/8,#C-MBC,,,,,,,,,47
C27,POm,3/3/23,Ppx5,,1372,2,1/8,ACC,,,,,,,,,47,,953,17/4/23,419,7/5/23
C28,POm,3/3/23,Ppx5,,1027,2,1/8,ACC,,,,,,,,,47,,750,18/4/23,277,10/5/23
C29,POm,3/3/23,Ppx5,,,,1/8,ACC,,,,,,,,,47
C30,POm,3/3/23,Ppx5,,1116,2,1/8,ACC,,,,,,,,,47,,545,25/4/23,571,20/5/23
C31,POm,3/3/23,Ppx5,,,,1/8,ACC,,,,,,,,,47
C32,POm,3/3/23,Ppx5,,880,2,1/8,ACC,,,,,,,,,47,,179,25/4/23,701,5/5/23
C33,POm,3/3/23,Ppx5,,1186,2,1/8,ACC,,,,,,,,,47,,727,16/4/23,459,7/5/23
C34,POm,3/3/23,Ppx5,,486,1,1/8,ACC,,,,,,,,,47,,486,5/5/23
C35,Bpearl,3/3/23,Ppx5,,,,1/8,xaaA,,,,,,,,,47
C36,Bpearl,3/3/23,Ppx5,,,,1/8,xaaA,,,,,,,,,47
E26,LEm,7/3/23,SFtx6+,,,,1/8,#C-MBB,,,,,,,,,43
E27,LEm,7/3/23,SFtx6+,,,,1/8,#C-MBB,,,,,,,,,43
E28,LEm,7/3/23,SFtx6+,,,,1/8,#C-MBB,,,,,,,,,43
E29,LEm,7/3/23,SFtx6+,,,,1/8,#C-MBB,,,,,,,,,43
E30,LEm,7/3/23,SDx6,1580,,,1/8,#C-MBB,,,,,,,,,43
E31,LEm,7/3/23,SDx6,1580,,,1/8,#C-MBB,,,,,,,,,43
E32,LEm,7/3/23,SDx6,1580,,,1/8,#C-MBB,,,,,,,,,43
E33,LEm,7/3/23,SDx6,1580,,,1/8,#C-MBB,,,,,,,,,43
E34,HEg,8/3/23,Ppx5.5,1450,,,1/9,LCA,,,,,,,,,42
E35,HEg,8/3/23,Ppx5.5,1450,,,1/9,LCA,,,,,,,,,42
E38,HEg,8/3/23,Ppx5.5,1450,,,1/9,LCA,,,,,,,,,42
E39,HEg,8/3/23,Ppx5.5,1450,,,1/9,LCA,,,,,,,,,42
E40,HEg,8/3/23,Ppx5.5,1450,,,1/9,LCA,,,,,,,,,42
E41,HEg,8/3/23,Ppx5.5,1450,,,1/9,LCA,,,,,,,,,42
E42,HEg,8/3/23,Ppx5.5,1450,,,1/9,LCA,,,,,,,,,42
E36,HEg,8/3/23,Pnx5.5,,,,1/9,LCA,,,,,,,,,42
E37,HEg,8/3/23,Pnx5.5,,,,1/9,LCA,,2250hot,,,,,,,42
D26,LEm,25/11/22,SDx6,1580,553,1,1/8,xaaa,,,,,,,,,145,0.35,553,15/3/23
D27,LEm,25/11/22,SDx6,1580,670,1,1/8,xaea,,,,,,,,,145,0.42,670,18/3/23
D28,LEm,3/11/22,Oakx5.5,,393,1,1/8,XXXH,,,,,,,,,167,,393,20/3/23
D29,LEm,6/12/22,SDx6,1580,956,1,1/8,xaaC,,,,,,,,,498,0.61,956,18/3/23
C38,LEfr,9/3/23,SFtx6+,,,,1/8,XIA,,,,,,,,,41
C40,LEfr,9/3/23,SFtx6+,,,,1/8,XIA,,,,,,,,,41
C39,LEfr,9/3/23,SDx6,1580,,,1/8,XIA,,,,,,,,,41
C41,Bpearl,9/3/23,Ppx5,,,,1/8,xaaA,,,,,,,,,41
C42,Bpearl,9/3/23,Pnx5,,572,1,1/8,xaaA,,,,,,,,,41,,572,5/5/23
C43,Bpearl,9/3/23,Pnx5,,406,1,1/8,xaaA,,3250,,,,,,,41,,406,18/5/23
C44,GLg,9/3/23,SFtx6+,,,,1/8,#M-KCB,,,,,,,,,41
C45,GLg,9/3/23,SDx6,1580,,,1/8,#M-KCB,,,,,,,,,41
C46,GLg,9/3/23,SDx6,1580,,,1/8,#M-KCB,,,,,,,,,41
C47,GLg,9/3/23,SDx6,1580,,,1/8,#M-KCB,,,,,,,,,41
C48,LEm,9/3/23,SDx6,1580,,,1/8,#C-MBC,,,,,,,,,41
C49,LEm,9/3/23,SFtx6+,,,,1/8,#C-MBC,,,,,,,,,41
C50,LE3790,9/3/23,SFtx6+,,,,1/8,#D-IAC,,,,,,,,,41
C51,LE3790,9/3/23,SFtx6+,,,,1/8,#D-IAC,,,,,,,,,41
C52,LE3790,9/3/23,SFtx6+,,,,1/8,#D-IAC,,,,,,,,,41
C53,LE3790,9/3/23,SDx6,1580,,,1/8,#D-IAC,,,,,,,,,41
C54,LE3790,9/3/23,SDx6,1580,,,1/8,#D-IAC,,,,,,,,,41
C56,POm,9/3/23,Ppx5,,1125,2,1/8,ACB,,,,,,,,,41,,647,21/4/23,478,9/5/23
C57,POm,9/3/23,Ppx5,,1142,2,1/8,ACB,,,,,,,,,41,,580,22/4/23,562,11/5/23
C58,POm,9/3/23,Ppx5,,1398,3,1/8,ACB,,,,,,,,,41,,750,15/4/23,269,5/5/23,379,19/5/23
C59,POm,9/3/23,Ppx5,,,,1/8,ACB,,,,,,,,,41
C60,POm,9/3/23,Ppx5,,1224,2,1/8,ACB,,,,,,,,,41,,813,22/4/23,411,11/5/23
C61,POm,9/3/23,Pnx5,,1254,2,1/8,ACB,,,,,,,,,41,,750,6/4/23,504,3/5/23
C62,POm,9/3/23,Pnx5.5,,1088,2,1/8,ACB,,3250,,,,,,,41,,759,21/4/23,329,10/5/23
D31,LEm,21/11/22,SDx6,1580,667,1,1/8,xaea,,3050,,,,,,,149,0.42,667,20/3/23
D32,PAb,25/1/23,Ppx5,,1555,2,1/7,xeaa,,,,,,,,,83,,1035,10/4/23,520,15/5/23
D33,LEm,2/12/22,aSDx6,,525,1,1/8,xahL,,,,,,,,,502,,525,27/3/23
D34,LEm,2/12/22,SDx6 moisi,,816,1,1/8,xahL,,,,,,,,,502,,816,25/3/23
E43,POm,13/3/23,Ppx5.5,1450,1975,3,1/9,ABA,,,,,,,,,37,1.36,693,25/4/23,786,3/5/23,496,17/5/23
E44,POm,13/3/23,Ppx5.5,1450,,,1/9,ABA,,,,,,,,,37
E45,POm,13/3/23,Ppx5.5,1450,921,1,1/9,ABA,,,,,,,,,37,0.64,921,7/5/23
E46,POm,13/3/23,Ppx5.5,1450,1445,2,1/9,ABA,,,,,,,,,37,1,734,25/4/23,711,17/5/23
E47,POm,13/3/23,Ppx5.5,1450,876,2,1/9,ABA,,,,,,,,,37,0.6,411,25/4/23,465,7/5/23
E48,POm,13/3/23,Pnx5.5,,1133,2,1/9,ABA,,,,,,,,,37,,704,23/4/23,429,14/5/23
E49,POm,13/3/23,Pnx5.5,,,,1/9,ABA,,,,,,,,,37
E50,POm,13/3/23,Pnx5.5,,1137,2,1/9,ABA,,,,,,,,,37,,644,25/4/23,493,17/5/23
E51,POm,13/3/23,Pnx7,,1574,2,1/9,ABA,,,,,line,,,,37,,1334,18/4/23,240,9/5/23
E53,LE3790,13/3/23,SDx6,1580,,,1/8,#D-IAA,,,,,,,,,37
E52,LE3790,13/3/23,SFtx6+,,,,1/8,#D-IAA,,,,,,,,,37
E54,LE3790,13/3/23,SFtx6+,,,,1/8,#D-IAA,,,,,,,,,37
E55,LE3790,13/3/23,SFtx6+,,,,1/8,#D-IAA,,,,,,,,,37
E56,LE3790,13/3/23,SFtx6+,,,,1/8,#D-IAA,,,,,,,,,37
E57,LE3790,13/3/23,SFtx6+,,,,1/8,#D-IAA,,,,,,,,,37
E58,LE3790,13/3/23,SFtx6+,,,,1/8,#D-IAA,,,,,,,,,37
E59,LE3790,13/3/23,SFtx6+,,,,1/8,#D-IAA,,,,,,,,,37
E60,GLg,13/3/23,SFtx6+,,,,1/8,#M-KAB,,,,,,,,,37
E61,GLg,13/3/23,SFtx6+,,,,1/8,#M-KAB,,,,,,,,,37
E62,GLg,13/3/23,SFtx6+,,,,1/8,#M-KAB,,,,,,,,,37
E63,GLg,13/3/23,SFtx7+,,,,1/8,#M-KAB,,,,,,unicorn,,,37
E64,PCg,14/3/23,Pnx5.5,,1196,3,1/8,#JB-HB,,,,,,,,,36,,814,22/4/23,304,5/5/23,78,19/5/23
E65,PCg,14/3/23,Pnx5.5,,1109,2,1/8,#JB-HB,,,,,,,,,36,,792,25/4/23,317,7/5/23
E66,PCg,14/3/23,Pnx5.5,,1210,2,1/8,#JB-HB,,,,,,,,,36,,687,22/4/23,523,5/5/23
E67,PCg,14/3/23,Pnx5.5,,,,1/8,#JB-HB,,,,,,,,,36
E68,PCg,14/3/23,Ppx5.5,1450,1337,3,1/8,#JB-HB,,,,,,,,,36,0.92,942,16/4/23,229,30/4/23,166,15/5/23
E69,PCg,14/3/23,Ppx5.5,1450,1697,3,1/8,#JB-HB,,,,,,,,,36,1.17,1111,21/4/23,382,2/5/23,204,17/5/23
E70,PCg,14/3/23,Ppx5.5,1450,1352,3,1/8,#JB-HB,,,,,,,,,36,0.93,583,15/4/23,460,25/4/23,309,12/5/23
E71,PCg,14/3/23,Ppx7,1850,2233,3,1/8,#JB-HB,,,,,,,,,36,1.21,1465,13/4/23,500,26/4/23,268,10/5/23
E75,PSg,14/3/23,Pnx5.5,,,,1/8,JAB,,,,,,,,,36
E76,PSg,14/3/23,Pnx5.5,,,,1/8,JAB,,,,,,,,,36
E77,PSg,14/3/23,Pnx5.5,,,,1/8,JAB,,,,,,,,,36
E78,PSg,14/3/23,Pnx5.5,,,,1/8,JAB,,,,,,,,,36
E79,PSg,14/3/23,Pnx5.5,,,,1/8,JAB,,3250,,,,,,,36
E80,PAb,14/3/23,Ppx5.5,1450,980,1,1/8,WB,,,,,,,,,36,0.68,980,16/5/23
E81,PAb,14/3/23,Ppx5.5,1450,1147,1,1/8,WB,,,,,,,,,36,0.79,1147,19/5/23
E82,PAb,14/3/23,Ppx5.5,1450,,,1/8,WB,,,,,,,,,36
E83,PAb,14/3/23,Pnx5.5,,1092,1,1/8,WB,,,,,,,,,36,,1092,18/5/23
E84,PAb,14/3/23,Pnx5.5,,,,1/8,WB,,,,,,,,,36
E85,PAb,14/3/23,Pnx5.5,,,,1/8,WB,,,,,,,,,36
E86,PAb,14/3/23,Pnx5.5,,,,1/8,WB,,3250,,,,,,,36
E87,PAb,14/3/23,Pnx5.5,,,,1/8,WB,,3250,,,,,,,36
A173,PTc,,,,341,1,,,,,,,,,,,,,341,15/3/23
E88,GLg,16/3/23,SFtx6+,,,,1/8,#M-KAC,,,,,,,,,34
E89,GLg,16/3/23,SFtx6+,,,,1/8,#M-KAC,,,,,,,,,34
E90,GLg,16/3/23,SFtx6+,,,,1/8,#M-KAC,,,,,,,,,34
E91,GLg,16/3/23,SFtx6+,,,,1/8,#M-KAC,,,,,,,,,34
E92,GLg,16/3/23,SFtx6+,,,,1/8,#M-KAC,,,,,,,,,34
E93,GLg,16/3/23,SFtx6+,,,,1/8,#M-KAC,,,,,,,,,34
E94,GLg,16/3/23,SFtx6+,,,,1/8,#M-KAC,,,,,,,,,34
E95,GLg,16/3/23,SFtx6+,,,,1/8,#M-KAC,,,,,,,,,34
E98,HUlc,17/3/23,Ppx5.5,1450,316,1,1/10,DBB,,,,,,,,,33,0.22,316,14/5/23
E96,HUlc,17/3/23,Pnx5.5,,439,1,1/10,DBB,,,,,,,,,33,,439,20/5/23
E97,HUlc,17/3/23,Pnx5.5,,412,1,1/10,DBB,,3250,,,,,,,33,,412,13/5/23
E99,HUlc,17/3/23,Pnx5.5,,777,1,1/10,DBB,,3250,,,,,,,33,,777,22/4/23
E100,HUlc,17/3/23,Pnx5.5,,658,1,1/10,DBB,,3250,,,,,,,33,,658,10/5/23
D35,PNb,16/12/22,SFtx6 1460+330+2900,,,,1/4,Lave,,,,,,,13/4/23,,488
D36,PNb,16/12/22,SFtx6 1460+330+2900,,,,1/4,xxaA Non Lave,,,,,,,13/4/23,,488
D37,LEm,6/12/22,SDx6,1580,799,1,1/8,xaaC,,,,,,,,,498,0.51,799,25/3/23
D38,LEm,25/11/22,SDx6,1580,308,2,1/8,xaaa,,,,,,,,,145,0.19,217,24/3/23,91,4/4/23
D39,LEm,21/11/22,SDx6,1580,420,1,1/8,xaea,,,,,,,,,149,0.27,420,25/3/23
D40,LEm,25/11/22,SDx6,1580,625,1,1/8,xaea,,,,,,,,,145,0.4,625,28/3/23
D41,LEm,20/11/22,SDx6,1580,451,1,1/8,xaab,,,,,,,,,150,0.29,451,27/3/23
D42,LEm,25/11/22,SDx6,1580,927,1,1/8,xahL,,,,,,,,,145,0.59,927,27/3/23
C63,HUlc,21/3/23,Pnx5.5,,,,1/8,DBC,,,,,,,,,29
C64,HUlc,21/3/23,Pnx5.5,,501,1,1/8,DBC,,,,,,,,,29,,501,30/4/23
C65,HUlc,21/3/23,Pnx5.5,,,,1/8,DBC,,,,,,,,,29
C66,HUlc,21/3/23,Pnx5.5,,995,2,1/8,DBC,,,,,,,,,29,,548,22/4/23,447,17/5/23
C67,HUlc,21/3/23,Pnx5.5,,532,1,1/8,DBC,,,,,,,,,29,,532,30/4/23
C68,HUlc,21/3/23,Pnx5.5,,,,1/8,DBC,,,,,,,,,29
C69,HUlc,21/3/23,Pnx5.5,,468,1,1/8,DBC,,,,,,,,,29,,468,28/4/23
C70,HUlc,21/3/23,Pnx5.5,,,,1/8,DBC,,,,,,,,,29
C71,BPearl,21/3/23,Pnx5.5,,,,1/8,xaaA,,,,,,,,,29
C72,BPearl,21/3/23,Pnx5.5,,,,1/8,xaaA,,,,,,,,,29
C73,BPearl,21/3/23,Pnx5.5,,,,1/8,xaaA,,,,,,,,,29
C76,HEg,21/3/23,Pnx5.5,,248,2,1/8,LBB,,,,,,,,,29,,155,10/5/23,93,20/5/23
C77,POsofeli,21/3/23,Pnx5.5,,821,1,1/8,Test,,,,,,,,,29,,821,30/4/23
C78,POsofeli,21/3/23,Pnx5.5,,877,2,1/8,Test,,,,,,,,,29,,743,25/4/23,134,5/5/23
C79,POm,21/3/23,Pnx5.5,,937,2,1/8,ADA,,,,,,,,,29,,767,26/4/23,170,13/5/23
C80,POm,21/3/23,Pnx5.5,,558,1,1/8,ADA,,,,,,,,,29,,558,10/5/23
C81,POm,21/3/23,Pnx5.5,,433,1,1/8,ADA,,,,,,,,,29,,433,7/5/23
C82,POm,21/3/23,Pnx5.5,,479,1,1/8,ADA,,,,,,,,,29,,479,16/5/23
C83,POm,21/3/23,Pnx5.5,,933,2,1/8,ADA,,,,,,,,,29,,794,1/5/23,139,20/5/23
C84,POm,21/3/23,Pnx5.5,,,,1/8,ADA,,,,,,,,,29
C85,POm,21/3/23,Pnx5.5,,451,1,1/8,ADA,,,,,,,,,29,,451,7/5/23
C86,POm,21/3/23,Pnx5.5,,1124,2,1/8,ADA,,,,,line,,,,29,,727,24/4/23,397,10/5/23
D30,LEm,25/11/22,SDx6,1580,883,1,1/8,xaaa,,,,,,,,,145,0.56,883,22/3/23
D45,Bpearl,3/11/22,Ppx5.5,1450,836,2,1/8,XXXF,,,,,,,,,167,0.58,625,29/3/23,211,12/4/23
D44,PAb,16/12/22,Ppx5.5,1450,663,1,1/7,xeba,,,,,,,,,488,0.46,663,23/3/23
E101,PPgiotaspawn,2/3/23,Ppx5.5,1450,,,1/8,EAC,,,,,,,,,48
E102,PPgiotaspawn,2/3/23,Ppx5.5,1450,,,1/8,EAC,,,,,,,,,48
E103,PPgiotaspawn,2/3/23,Ppx5.5,1450,,,1/8,EAC,,,,,,,,,48
E104,PPgiotaspawn,2/3/23,Pnx5.5,,,,1/8,EAC,,,,,,,,,48
E105,PPgiotaspawn,2/3/23,Pnx5.5,,,,1/8,EAC,,,,,,,,,48
E106,PPgiotaspawn,2/3/23,Pnx5.5,,,,1/8,EAC,,,,,,,,,48
E107,PPgiotaspawn,2/3/23,Pnx5.5,,,,1/8,EAC,,,,,,,,,48
E108,PPgiotaspawn,2/3/23,Pnx5.5,,,,1/8,EAC,,,,,,,,,48
E109,HU22,22/3/23,Pnx5.5,,1284,1,1/8,xhbB,,,,,,,,,28,,1284,14/5/23
E110,HU22,22/3/23,Pnx5.5,,828,1,1/12,xhbB,,,,,,,,,28,,828,13/5/23
E111,HU22,22/3/23,Pnx5.5,,931,2,1/12,xhbB,,,,,,,,,28,,708,24/4/23,223,3/5/23
E112,HU22,22/3/23,Pnx5.5,,689,1,1/12,xhbB,,,,,,,,,28,,689,30/4/23
E113,HU22,22/3/23,Pnx5.5,,867,2,1/12,xhbB,,,,,,,,,28,,683,23/4/23,184,3/5/23
E114,HU22,22/3/23,Pnx5.5,,920,2,1/12,xhbB,,,,,,,,,28,,579,7/5/23,341,16/5/23
E115,HU22,22/3/23,Pnx5.5,,1011,2,1/12,xhbB,,,,,,,,,28,,776,25/4/23,235,5/5/23
E116,HU22,22/3/23,Pnx5.5,,,,1/12,xhbB,,,,,,,,,28
E119,HU22,22/3/23,Pnx5.5,,979,1,1/12,xhbB,,,,,,,,,28,,979,10/5/23
E120,HU22,22/3/23,Pnx5.5,,917,2,1/12,xhbB,,,,,,,,,28,,486,25/4/23,431,5/5/23
E117,HU22,22/3/23,Ppx5.5,1450,1051,1,1/12,xhbB,,,,,,,,,28,0.72,1051,24/4/23
E118,HU22,22/3/23,Ppx5.5,1450,896,1,1/12,xhbB,,,,,,,,,28,0.62,896,23/4/23
E144,POm,25/3/23,Pnx7,,1700,2,1/10,ABD,,,,,line,,,,25,,1200,25/4/23,500,13/5/23
E142,POm,25/3/23,Pnx5.5,,627,1,1/10,ABD,,3250,,,,,,,25,,627,11/5/23
E143,POm,25/3/23,Pnx5.5,,202,1,1/10,ABD,,3250,,,,,,,25,,202,15/5/23
E137,POm,25/3/23,Pnx5.5,,,,1/10,ABD,,,,,,,,,25
E138,POm,25/3/23,Pnx5.5,,460,1,1/10,ABD,,,,,,,,,25,,460,11/5/23
E139,POm,25/3/23,Pnx5.5,,704,1,1/10,ABD,,,,,,,,,25,,704,11/5/23
E140,POm,25/3/23,Pnx5.5,,587,1,1/10,ABD,,,,,,,,,25,,587,10/5/23
E141,POm,25/3/23,Pnx5.5,,466,1,1/10,ABD,,,,,,,,,25,,466,7/5/23
E145,POm,25/3/23,Pnx7,,1564,2,1/10,ABD,,4100,,,,,,,25,,1119,25/4/23,445,13/5/23
E146,POm,25/3/23,Ppx7,1850,1580,2,1/10,ABD,,,,,,,,,25,0.85,1151,24/4/23,429,11/5/23
E147,HU22,25/3/23,Pnx6,,,,1 jar,master22,,3250,,,,,,,25
E148,PAb,25/3/23,Pnx6,,,,1 jar,master22,,,,,,,,,25
E149,AAli,25/3/23,Pnx6,,,,1 jar,master20,,,,,,,,,25
E150,HEg,25/3/23,Pnx6,,,,1 jar,G1 2022,,,,,,,,,25
E121,PCg,25/3/23,Pnx5.5,,1156,2,1/8,#JB-#NB,,,,,,,,,25,,674,22/4/23,482,5/5/23
E122,PCg,25/3/23,Pnx5.5,,1527,3,1/8,#JB-#NB,,,,,,,,,25,,1164,23/4/23,243,7/5/23,120,19/5/23
E123,PCg,25/3/23,Pnx5.5,,1324,3,1/8,#JB-#NB,,,,,,,,,25,,934,23/4/23,250,9/5/23,140,19/5/23
E124,PCg,25/3/23,Pnx5.5,,1180,3,1/8,#JB-#NB,,,,,,,,,25,,746,21/4/23,217,2/5/23,217,13/5/23
E125,PCg,25/3/23,Pnx5.5,,1198,2,1/8,#JB-#NB,,3250,,,,,,,25,,673,25/4/23,525,7/5/23
E126,PCg,25/3/23,Pnx5.5,,910,1,1/8,#JB-#NB,,3250,,,,,,,25,,910,11/5/23
E127,PCg,25/3/23,Pnx5.5,,1206,2,1/8,#JB-#NB,,3250,,,,,,,25,,907,5/5/23,299,19/5/23
E128,PCg,25/3/23,Pnx5.5,,1198,2,1/8,#JB-#NB,,3250,,,,,,,25,,977,25/4/23,221,9/5/23
E129,PSg,25/3/23,Pnx5.5,,549,1,1/8,JAA,,,,,,,,,25,,549,19/5/23
E130,PSg,25/3/23,Pnx5.5,,,,1/8,JAA,,,,,,,,,25
E131,PSg,25/3/23,Pnx5.5,,,,1/8,JAA,,,,,,,,,25
E132,PSg,25/3/23,Pnx5.5,,,,1/8,JAA,,,,,,,,,25
E133,PSg,25/3/23,Pnx5.5,,,,1/8,JAA,,,,,,,,,25
E134,PSg,25/3/23,Pnx5.5,,,,1/8,JAA,,,,,,,,,25
E135,PSg,25/3/23,Pnx5.5,,,,1/8,JAA,,,,,,,,,25
E136,PSg,25/3/23,Pnx5.5,,,,1/8,JAA,,,,,,,,,25
C91,PSg,28/3/23,Pnx5.5,,,,1jar,Old,,,,,,,,,22
C87,HUlc,28/3/23,Pnx5.5,,,,1/8,DBB,,,,,,,,,22
C88,HUlc,28/3/23,Pnx5.5,,,,1/8,DBB,,,,,,,,,22
C89,HUlc,28/3/23,Pnx5.5,,,,1/8,DBB,,,,,,,,,22
C90,HUlc,28/3/23,Pnx5.5,,,,1/8,DBB,,,,,,,,,22
C92,POm,28/3/23,Pnx5.5,,361,1,1/9,ADC,,,,,,,,,22,,361,15/5/23
C93,POm,28/3/23,Pnx5.5,,445,1,1/9,ADC,,,,,,,,,22,,445,13/5/23
C94,POm,28/3/23,Pnx5.5,,516,1,1/9,ADC,,,,,,,,,22,,516,7/5/23
C95,POm,28/3/23,Pnx5.5,,,,1/9,ADC,,,,,,,,,22
C96,POm,28/3/23,Pnx5.5,,,,1/9,ADC,,,,,,,,,22
C97,POm,28/3/23,Pnx5.5,,686,1,1/9,ADC,,,,,,,,,22,,686,13/5/23
C98,POm,28/3/23,Pnx5.5,,,,1/9,ADC,,,,,,,,,22
C99,POm,28/3/23,Pnx5.5,,538,1,1/9,ADC,,,,,,,,,22,,538,14/5/23
C100,POm,28/3/23,Pnx5.5,,,,1/9,ADC,,,,,,,,,22
C101,PCg,28/3/23,Pnx5.5,,,,1/10,JB-HB,,,,,,,,,22
C102,PCg,28/3/23,Pnx5.5,,579,1,1/10,JB-HB,,,,,,,,,22,,579,11/5/23
C103,PCg,28/3/23,Pnx5.5,,,,1/10,JB-HB,,,,,,,,,22
C104,PCg,28/3/23,Pnx5.5,,871,1,1/10,JB-HB,,,,,,,,,22,,871,13/5/23
C105,PCg,28/3/23,Pnx5.5,,,,1/10,JB-HB,,,,,,,,,22
C106,PCg,28/3/23,Pnx5.5,,1091,2,1/10,JB-HB,,,,,,,,,22,,597,30/4/23,494,12/5/23
C107,PCg,28/3/23,Pnx5.5,,718,1,1/10,JB-HB,,,,,,,,,22,,718,18/5/23
C108,PCg,28/3/23,Pnx5.5,,728,1,1/10,JB-HB,,,,,,,,,22,,728,19/5/23
C109,PCg,28/3/23,Pnx5.5,,1342,3,1/10,JB-HB,,,,,,,,,22,,654,25/4/23,431,5/5/23,257,16/5/23
C110,PCg,28/3/23,Pnx5.5,,,,1/10,JB-HB,,,,,,,,,22
D46,LEm,25/11/22,SDx6,1580,,,1/8,xaea,,,,,,,,,145
D47,LEm,6/12/22,SDx6,1580,759,1,1/8,xaac,,,,,,,,,498,0.48,759,8/4/23
D48,LEm,25/11/22,SDx6,1580,615,1,1/8,xaea,,,,,,,,,145,0.39,615,8/4/23
D49,PAb,17/1/23,Ppx5.5 louk,,968,1,1/8,xeab,,,,,,,,,91,,968,19/4/23
D50,PAb,25/1/23,Ppx5.5 ,,1485,2,1/7,xeaa,,,,,,,,,83,,915,16/4/23,570,18/5/23
D51,PAb,25/1/23,Ppx5.5 ,,1185,1,1/7,xeaa,,,,,,,,,83,,1185,28/4/23
D43,LEm,21/11/22,SDx6,1580,509,1,1/9,xaea,,,,,,,,,149,0.32,509,1/4/23
D52,PAb,25/1/23,Ppx5,,737,1,1/7,xeaa,,,,,,,,,83,,737,31/3/23
D53,PAb,25/1/23,Ppx5,,1039,1,1/7,xeaa,,,,,,,,,83,,1039,25/4/23
D54,LEm,2/12/22,SDx6,1580,645,1,1/8,xahL,,,,,,,,,502,0.41,645,10/4/23
C111,HEg,6/4/23,Pnx5.5,,,,1/8,LCC,,,,,,,,,14
C112,HEg,6/4/23,Pnx5.5,,,,1/8,LCC,,,,,,,,,14
C113,HEg,6/4/23,Pnx5.5,,,,1/8,LCC,,,,,,,,,14
C114,HEg,6/4/23,Pnx5.5,,,,1/8,LCC,,,,,,,,,14
C115,HEg,6/4/23,Pnx5.5,,,,1/8,LCC,,,,,,,,,14
C116,LEfr,6/4/23,SFtx6+,,,,1/8,XIA,,,,,,,,,14
C117,LEfr,6/4/23,SFtx6+,,,,1/8,XIA,,,,,,,,,14
C118,LEfr,6/4/23,SFtx6+,,,,1/8,XIA,,,,,,,,,14
C119,LEfr,6/4/23,SFtx6+,,,,1/8,XIA,,,,,,,,,14
C120,LEfr,6/4/23,SFtx6+,,,,1/8,XIA,,,,,,,,,14
D55,LEm,10/1/23,bSDx6,1580,710,1,1/8,xadC,-de substrat,,,,,,,,98,0.45,710,12/4/23
D56,LEm,2/12/22,SDx6,1580,1263,2,1/8,xahC,,,,,,,,,502,0.8,1249,14/4/23,14,18/5/23
E160,PSg,1/4/23,Pnx5.5,,,,1/8,JAC,,,,,,,,,19
E161,PSg,1/4/23,Pnx5.5,,,,1/8,JAC,,,,,,,,,19
E162,PSg,1/4/23,Pnx5.5,,,,1/8,JAC,,,,,,,,,19
E163,PSg,1/4/23,Pnx5.5,,,,1/8,JAC,,,,,,,,,19
E164,PSg,1/4/23,Pnx5.5,,,,1/8,JAC,,,,,,,,,19
E165,PSg,1/4/23,Pnx5.5,,,,1/8,JAC,,,,,,,,,19
E166,PSg,1/4/23,Pnx5.5,,,,1/8,JAC,,3250,,,,,,,19
E167,PSg,1/4/23,Pnx5.5,,310,2,1/8,JAC,,3250,,,,,,,19,,87,1/5/23,223,10/5/23
E155,PAb,1/4/23,Pnx5.5,,,,1/9,WAC,,3250,,,,,,,19
E156,PAb,1/4/23,Pnx5.5,,,,1/9,WAC,,3250,,,,,,,19
E157,PAb,1/4/23,Pnx5.5,,,,1/9,WAC,,3250,,,,,,,19
E158,PAb,1/4/23,Pnx5.5,,,,1/9,WAC,,3250,,,,,,,19
E151,PAb,1/4/23,Pnx5.5,,,,1/9,WAC,,,,,,,,,19
E152,PAb,1/4/23,Pnx5.5,,,,1/9,WAC,,,,,,,,,19
E153,PAb,1/4/23,Pnx5.5,,,,1/9,WAC,,,,,,,,,19
E154,PAb,1/4/23,Pnx5.5,,,,1/9,WAC,,,,,,,,,19
E159,PAb,1/4/23,Pnx7,,,,1/9,WAC,,,,,,,,,19
E168,HUlc,1/4/23,Pnx5.5,,,,1/8,DAC,,3250,,,,,,,19
E169,HUlc,1/4/23,Pnx5.5,,,,1/8,DAC,,3250,,,,,,,19
E170,HUlc,1/4/23,Pnx5.5,,,,1/8,DAC,,3250,,,,,,,19
E171,HUlc,1/4/23,Pnx5.5,,,,1/8,DAC,,3250,,,,,,,19
E174,HUlc,1/4/23,Pnx7,,1435,2,1/8,DAC,,4400,,,,,,,19,,1092,30/4/23,343,19/5/23
E175,HUlc,1/4/23,Pnx7,,942,1,1/8,DAC,,4100,,,line,,,line,19,,942,30/4/23
E172,HUlc,1/4/23,Pnx5.5,,,,1/8,DAC,,,,,,,,,19
E173,HUlc,1/4/23,Pnx5.5,,,,1/8,DAC,,,,,,,,,19
E176,HU22,7/4/23,Pnx5.5,,,,1/10,QAB,,3250,,,,,,,13
E177,HU22,7/4/23,Pnx5.5,,,,1/10,QAB,,3250,,,,,,,13
E178,HU22,7/4/23,Pnx5.5,,,,1/10,QAB,,3250,,,,,,,13
E179,HU22,7/4/23,Pnx5.5,,,,1/10,QAB,,3250,,,,,,,13
E180,HU22,7/4/23,Pnx5.5,,,,1/10,QAB,,3250,,,,,,,13
E181,HU22,7/4/23,Pnx5.5,,,,1/10,QAB,,,,,,,,,13
E182,HU22,7/4/23,Pnx5.5,,,,1/10,QAB,,,,,,,,,13
E183,HU22,7/4/23,Pnx5.5,,,,1/10,QAB,,,,,,,,,13
E184,HU22,7/4/23,Pnx5.5,,,,1/10,QAB,,,,,,,,,13
E185,HU22,7/4/23,Pnx5.5,,,,1/10,QAB,,,,,,,,,13
D57,LEm,2/12/22,SDx6,1580,576,1,1/8,xahL,,,,,,,,,502,0.36,576,14/4/23
C133,GLg,10/4/23,SFtx6+,,,,1/8,#M-KC,,,,,,,,,10
C134,GLg,10/4/23,SFtx6+,,,,1/8,#M-KC,,,,,,,,,10
C121,GLg,10/4/23,SFtx6+,,,,1/8,#M-KCA,,,,,,,,,10
C122,GLg,10/4/23,SFtx6+,,,,1/8,#M-KCA,,,,,,,,,10
C123,GLg,10/4/23,SFtx6+,,,,1/8,#M-KCA,,,,,,,,,10
C124,GLg,10/4/23,SFtx6+,,,,1/8,#M-KCA,,,,,,,,,10
C125,GLg,10/4/23,SFtx6+,,,,1/8,#M-KCA,,,,,,,,,10
C126,GLg,10/4/23,SFtx6+,,,,1/8,#M-KCA,,,,,,,,,10
C127,GLg,10/4/23,SFtx6+,,,,1/8,#M-KCA,,,,,,,,,10
C128,GLg,10/4/23,SFtx6+,,,,1/8,#M-KCA,,,,,,,,,10
C129,GLg,10/4/23,SFtx6+,,,,1/8,#M-KCB,,,,,,,,,10
C130,GLg,10/4/23,SFtx6+,,,,1/8,#M-KCB,,,,,,,,,10
C131,GLg,10/4/23,SFtx6+,,,,1/8,#M-KCB,,,,,,,,,10
C132,GLg,10/4/23,SFtx6+,,,,1/8,#M-KCB,,,,,,,,,10
D58,LEm,2/12/22,SDx6,1580,494,1,1/8,xahL,,,,,,,,,502,0.31,494,21/4/23
D59,PAb,24/1/23,Ppx5.5,1450,1062,1,1/8,xeab,,,,,line,,,,84,0.73,1062,14/5/23
E186,HEg,10/4/23,Pnx5.5,,,,1/9,LCB,,3250,,,1,,,,10
E187,HEg,10/4/23,Pnx5.5,,,,1/9,LCB,,3250,,,1,,,,10
E188,HEg,10/4/23,Pnx5.5,,,,1/9,LCB,,3250,,,,,,,10
E189,HEg,10/4/23,Pnx5.5,,,,1/9,LCB,,3250,,,,,,,10
E190,HEg,10/4/23,Pnx5.5,,,,1/9,LCB,,3250,,,1,,,,10
E191,HEg,10/4/23,Pnx5.5,,,,1/9,LCB,,,,,,,,,10
E192,HEg,10/4/23,Pnx5.5,,,,1/9,LCB,,,,,,,,,10
E193,HEg,10/4/23,Pnx5.5,,,,1/9,LCB,,,,,,,,,10
E194,HEg,10/4/23,Pnx5.5,,,,1/9,LCB,,,,,,,,,10
E195,AA22,11/4/23,Pnx5.5,,,,1/6,xaaB,,3250,,,,,,,9
E196,AA22,11/4/23,Pnx5.5,,,,1/6,xaaB,,3250,,,,,,,9
E197,AA22,11/4/23,Pnx5.5,,,,1/6,xaaB,,3250,,,,,,,9
E198,AA22,11/4/23,Pnx5.5,,,,1/6,xaaB,,3250,,,,,,,9
E199,AA22,11/4/23,Pnx5.5,,,,1/6,xaaB,,3250,,,,,,,9
E200,AA22,11/4/23,Pnx5.5,,,,1/6,xaaB,,3250,,,,,,,9
E201,PS22,13/4/23,Pnx5.5,,,,1/9,#Q-RB,,,,,,,,,7
E202,PS22,13/4/23,Pnx5.5,,,,1/9,#Q-RB,,,,,,,,,7
E203,PS22,13/4/23,Pnx5.5,,,,1/9,#Q-RB,,,,,,,,,7
E204,PS22,13/4/23,Pnx5.5,,,,1/9,#Q-RB,,,,,,,,,7
E205,PS22,13/4/23,Pnx5.5,,,,1/9,#Q-RB,,,,,,,,,7
E206,PS22,13/4/23,Pnx5.5,,,,1/9,#Q-RB,,,,,,,,,7
E207,PS22,13/4/23,Pnx5.5,,,,1/9,#Q-RB,,3250,,,,,,,7
E208,PS22,13/4/23,Pnx5.5,,,,1/9,#Q-RB,,3250,,,,,,,7
E209,PS22,13/4/23,Pnx5.5,,,,1/9,#Q-RB,,3250,,,,,,,7
E210,PAb,14/4/23,Pnx5.5,,,,1/10,WAB (or NAB),,3250,,,,,,,6
E211,PAb,14/4/23,Pnx5.5,,,,1/10,WAB (or NAB),,3250,,,,,,,6
E212,PAb,14/4/23,Pnx5.5,,,,1/10,WAB (or NAB),,3250,,,,,,,6
E213,PAb,14/4/23,Pnx5.5,,,,1/10,WAB (or NAB),,3250,,,,,,,6
E214,PAb,14/4/23,Pnx5.5,,,,1/10,WAB (or NAB),,3250,,,,,,,6
E215,PAb,14/4/23,Pnx5.5,,,,1/10,WAB (or NAB),,3250,,,,,,,6
E216,PAb,14/4/23,Pnx5.5,,,,1/10,WAB (or NAB),,,,,,,,,6
E217,PAb,14/4/23,Pnx5.5,,,,1/10,WAB (or NAB),,,,,,,,,6
E218,PAb,14/4/23,Pnx5.5,,,,1/10,WAB (or NAB),,,,,,,,,6
E219,PAb,14/4/23,Pnx5.5,,,,1/10,WAB (or NAB),,,,,,,,,6
E220,HEg,14/4/23,Pnx5.5,,,,1/10,LDA,,3250,,,,,,,6
E221,HEg,14/4/23,Pnx5.5,,,,1/10,LDA,,3250,,,,,,,6
E222,HEg,14/4/23,Pnx5.5,,,,1/10,LDA,,3250,,,,,,,6
E223,HEg,14/4/23,Pnx5.5,,,,1/10,LDA,,3250,,,,,,,6
E224,HEg,14/4/23,Pnx5.5,,,,1/10,LDA,,3250,,,,,,,6
E225,HEg,14/4/23,Pnx5.5,,,,1/10,LDA,,3250,,,,,,,6
E73,PSg,14/3/23,Ppx5.5,1450,597,3,1/8,JAB,,,,,,,,,36,0.41,152,18/4/23,239,30/4/23,206,17/5/23
D60,PAb,25/1/23,Ppx5.5,1450,1059,2,1/7,Xeaa,,,,,,,,,83,0.73,779,21/4/23,280,13/5/23
D61,PAb,25/1/23,Ppx5.5,1450,1370,2,1/7,xeaa,,,,,,,,,83,0.94,996,22/4/23,374,19/5/23
B74,,,,,573,2,,,,,,,,,,,,,306,22/4/23,267,10/5/23
C135,AA22,21/4/23,Pnx5,,,,1/7,xaaA,,,,,,,,,1
C136,AA22,21/4/23,Pnx5,,,,1/7,xaaA,,,,,,,,,1
C137,AA22,21/4/23,Pnx5,,,,1/7,xaaA,,,,,,,,,1
C138,AA22,21/4/23,Pnx5,,,,1/7,xaaA,,,,,,,,,1
C139,AA22,21/4/23,Pnx5,,,,1/7,xaaA,,,,,,,,,1
C140,AA22,21/4/23,Pnx5,,,,1/7,xaaA,,,,,,,,,1
C141,AA22,21/4/23,Pnx5,,,,1/7,xaaA,,,,,,,,,1
C142,HUlc,21/4/23,Pnx5,,,,1/9,DCB,,,,,,,,,1
C143,HUlc,21/4/23,Pnx5,,,,1/9,DCB,,,,,,,,,1
C144,HUlc,21/4/23,Pnx5,,,,1/9,DCB,,,,,,,,,1
C145,HUlc,21/4/23,Pnx5,,,,1/9,DCB,,,,,,,,,1
C146,HUlc,21/4/23,Pnx5,,,,1/9,DCB,,,,,,,,,1
C147,HUlc,21/4/23,Pnx5,,,,1/9,DCB,,,,,,,,,1
C148,HUlc,21/4/23,Pnx5,,,,1/9,DCB,,,,,,,,,1
C149,HUlc,21/4/23,Pnx5,,,,1/9,DCB,,,,,,,,,1
C150,HUlc,21/4/23,Pnx5,,,,1/9,DCB,,,,,,,,,1
C151,HEg,21/4/23,Pnx5,,,,1/8,LDB,,,,,,,,,1
C152,HEg,21/4/23,Pnx5,,,,1/8,LDB,,,,,,,,,1
C153,HEg,21/4/23,Pnx5,,,,1/8,LDB,,,,,,,,,1
C154,HEg,21/4/23,Pnx5,,,,1/8,LDB,,,,,,,,,1
C155,HEg,21/4/23,Pnx5,,,,1/8,LDB,,,,,,,,,1
C156,HEg,21/4/23,Pnx5,,,,1/8,LDB,,,,,,,,,1
C157,HEg,21/4/23,Pnx5,,,,1/8,LDB,,,,,,,,,1
C158,HEg,21/4/23,Pnx5,,,,1/8,LDB,,,,,,,,,1
C55,,,,,1179,2,,,,,,,,,,,,,865,25/4/23,314,15/5/23
D62,LEm,17/1/23,bSDx6,1580,644,1,1/8,Xabc,,,,,,,,,91,0.41,644,28/4/23
D63,LEm,17/1/23,bSDx6,1580,584,1,1/8,Xabc,,,,,,,,,91,0.37,584,3/5/23
D64,LEm,17/1/23,bSDx6,1580,503,1,1/8,Xabc,,,,,,,,,91,0.32,503,5/5/23
E226,PCg,24/4/23,Pnx5.5,,,,1/9,#JB-HCC,,3250,,,,,,,4
E227,PCg,24/4/23,Pnx5.5,,,,1/9,#JB-HCC,,3250,,,,,,,4
E228,PCg,24/4/23,Pnx5.5,,,,1/9,#JB-HCC,,3250,,,,,,,4
E229,PCg,24/4/23,Pnx5.5,,,,1/9,#JB-HCC,,3250,,,,,,,4
E230,PCg,24/4/23,Pnx5.5,,,,1/9,#JB-HCC,,3250,,,,,,,4
E231,PCg,24/4/23,Pnx5.5,,,,1/9,#JB-HCC,,3250,,,,,,,4
E232,PCg,24/4/23,Pnx5.5,,,,1/9,#JB-HCC,,3250,,,,,,,4
E233,PCg,24/4/23,Pnx5.5,,,,1/9,#JB-HCC,,,,,,,,,4
E234,PCg,24/4/23,Pnx5.5,,,,1/9,#JB-HCC,,,,,,,,,4
E248,HU22,25/4/23,Pnx5.5,,,,1/8,QBC,,,,,,,,,5
E249,HU22,25/4/23,Pnx5.5,,,,1/8,QBC,,,,,,,,,5
E250,HU22,25/4/23,Pnx5.5,,,,1/8,QBC,,,,,,,,,5
E242,HU22,25/4/23,Pnx5.5,,,,1/8,QBB,,,,,,,,,5
E243,HU22,25/4/23,Pnx5.5,,,,1/8,QBC,,3250,,,,,,,5
E244,HU22,25/4/23,Pnx5.5,,,,1/8,QBC,,3250,,,,,,,5
E245,HU22,25/4/23,Pnx5.5,,,,1/8,QBC,,3250,,,,,,,5
E246,HU22,25/4/23,Pnx5.5,,,,1/8,QBC,,3250,,,,,,,5
E247,HU22,25/4/23,Pnx5.5,,,,1/8,QBC,,3250,,,,,,,5
E235,HU22,25/4/23,Pnx5.5,,,,1/8,QBB,,3250,,,,,,,5
E236,HU22,25/4/23,Pnx5.5,,,,1/8,QBB,,3250,,,,,,,5
E237,HU22,25/4/23,Pnx5.5,,,,1/8,QBB,,3250,,,,,,,5
E238,HU22,25/4/23,Pnx5.5,,,,1/8,QBB,,3250,,,,,,,5
E239,HU22,25/4/23,Pnx5.5,,,,1/8,QBB,,3250,,,,,,,5
E259,PCg,2/5/23,Pnx5.5,,,,1/9,#JB-HDC,,3250,,,,,,,13
E260,PCg,2/5/23,Pnx5.5,,,,1/9,#JB-HDC,,3250,,,,,,,13
E261,PCg,2/5/23,Pnx5.5,,,,1/9,#JB-HDC,,3250,,,,,,,13
E262,PCg,2/5/23,Pnx5.5,,,,1/9,#JB-HDC,,3250,,,,,,,13
E263,PCg,2/5/23,Pnx5.5,,,,1/9,#JB-HDC,,3250,,,,,,,13
E264,PCg,2/5/23,Pnx5.5,,,,1/9,#JB-HDC,,3250,,,,,,,13
E265,PCg,2/5/23,Pnx7,,,,1/9,#JB-HDC,,3250,,,,,,,13
E266,PCg,2/5/23,Pnx5.5,,,,1/9,#JB-HDC,,,,,,,,,13
E251,PSg,2/5/23,Pnx5.5,,,,1/8,JCC,,,,,,,,,13
E252,PSg,2/5/23,Pnx5.5,,,,1/8,JCC,,,,,,,,,13
E253,PSg,2/5/23,Pnx5.5,,,,1/8,JCC,,,,,,,,,13
E254,PSg,2/5/23,Pnx5.5,,,,1/8,JCC,,,,,,,,,13
E255,PSg,2/5/23,Pnx5.5,,,,1/8,JCC,,3250,,,,,,,13
E256,PSg,2/5/23,Pnx5.5,,,,1/8,JCC,,3250,,,,,,,13
E257,PSg,2/5/23,Pnx5.5,,,,1/8,JCC,,3250,,,,,,,13
E258,PSg,2/5/23,Pnx5.5,,,,1/8,JCC,,3250,,,,,,,13
E271,HUlc,4/5/23,Pnx5.5,,,,1/8,DDB,,3250,,,,,,,15
E272,HUlc,4/5/23,Pnx5.5,,,,1/8,DDB,,3250,,,,,,,15
E273,HUlc,4/5/23,Pnx5.5,,,,1/8,DDB,,3250,,,,,,,15
E274,HUlc,4/5/23,Pnx5.5,,,,1/8,DDB,,3250,,,,,,,15
E268,HUlc,4/5/23,Pnx5.5,,,,1/8,DDB,,,,,,,,,15
E269,HUlc,4/5/23,Pnx5.5,,,,1/8,DDB,,,,,,,,,15
E270,HUlc,4/5/23,Pnx5.5,,,,1/8,DDB,,,,,,,,,15
E275,HUlc,4/5/23,Pnx7,,,,1/8,DDB,,4100,,,,,,,15
D65,PAb,24/1/23,Ppx5.5,1450,760,1,1/8,xeab,,,,,,,,,84,0.52,760,12/5/23
C74,,,,,87,1,,,,,,,,,,,,,87,15/5/23
D66,LEm,17/1/23,bSDx6,1580,,,1/8,Xabc,,,,,,,,,91
D67,LEm,17/1/23,bSDx6,1580,,,1/8,Xabc,,,,,,,,,91
D68,LEm,23/2/23,bSDx6,1580,,,1/8,#C-MA,,,,,,,,,57
